userid,rte_0,rte_1,rte_2,rte_3,rte_4,rte_5,rte_6,rte_7,rte_8,rte_9,rte_10,rte_11,rte_12,rte_13,rte_14,rte_15,rte_16,rte_17,rte_18,rte_19,rte_20,rte_21,rte_22,rte_23,rte_24,rte_25,rte_26,rte_27,rte_28,rte_29,rte_30,rte_31,rte_32,rte_33,rte_34,rte_35,rte_36,rte_37,rte_38,rte_39,rte_40,rte_41,rte_42,rte_43,rte_44,rte_45,rte_46,rte_47,rte_48,rte_49,rte_50,rte_51,rte_52,rte_53,rte_54,rte_55,rte_56,rte_57,rte_58,rte_59,rte_60,rte_61,rte_62,rte_63,rte_64,rte_65,rte_66,rte_67,rte_68,rte_69,rte_70,rte_71,rte_72,rte_73,rte_74,rte_75,rte_76,rte_77,rte_78,rte_79,rte_80,rte_81,rte_82,rte_83,rte_84,rte_85,rte_86,rte_87,rte_88,rte_89,rte_90,rte_91,rte_92,rte_93,rte_94,rte_95,rte_96,rte_97,rte_98,rte_99,rte_100,rte_101,rte_102,rte_103,rte_104,rte_105,rte_106,rte_107,rte_108,rte_109,rte_110,rte_111,rte_112,rte_113,rte_114,rte_115,rte_116,rte_117,rte_118,rte_119,rte_120,rte_121,rte_122,rte_123,rte_124,rte_125,rte_126,rte_127,rte_128,rte_129,rte_130,rte_131,rte_132,rte_133,rte_134,rte_135,rte_136,rte_137,rte_138
roberta-base-10M-1_best,0,0,1,1,1,0,0,0,1,1,0,1,0,0,0,0,1,0,0,1,0,1,1,1,0,1,0,1,1,1,0,0,0,1,0,1,1,1,1,0,1,1,0,1,0,1,1,1,0,0,1,1,1,1,1,1,1,0,1,0,1,0,1,1,0,1,1,1,0,0,1,0,1,0,1,1,0,0,1,1,0,1,0,0,1,0,1,1,0,1,1,1,1,0,0,1,1,1,1,1,1,1,1,1,1,1,0,0,1,1,0,1,0,0,1,1,0,0,1,1,1,1,0,0,0,0,0,0,0,0,0,1,1,1,0,0,1,0,1
roberta-base-10M-1_10,0,0,1,1,0,1,0,0,1,1,0,1,0,0,0,1,0,0,0,1,1,0,1,1,0,1,1,1,1,0,1,0,1,1,1,1,1,0,1,1,1,0,0,1,0,1,0,1,0,1,1,1,1,1,1,1,1,1,1,0,0,0,1,0,1,1,1,1,0,1,1,0,1,0,1,1,1,1,0,0,1,1,0,1,0,0,0,1,1,0,1,0,1,0,1,1,1,1,1,0,1,0,0,1,1,1,0,0,1,1,0,1,0,1,0,1,0,0,1,1,0,1,0,0,0,0,0,0,0,0,0,1,1,0,0,1,1,1,1
roberta-base-10M-1_25,1,0,1,1,0,1,0,0,1,1,0,1,0,0,1,0,1,0,1,1,0,1,1,1,0,1,0,0,1,1,0,0,0,1,1,1,1,0,1,0,1,1,0,0,0,1,1,1,0,0,1,1,1,1,1,1,1,0,1,0,0,1,1,0,0,1,1,1,0,1,1,0,0,0,1,1,0,0,0,1,1,1,0,0,0,0,0,1,1,0,1,1,0,0,0,1,1,0,1,0,1,0,0,1,1,1,0,0,1,1,0,1,0,0,1,1,0,0,1,0,0,1,0,0,0,0,0,0,0,0,0,1,1,1,0,0,1,0,1
roberta-base-10M-1_50,1,0,1,0,1,0,0,0,1,1,0,1,0,0,1,0,1,0,1,1,0,1,1,1,0,1,0,1,1,1,0,0,0,1,0,1,1,1,1,0,1,1,0,1,0,1,1,1,0,0,1,1,1,1,1,0,1,0,1,0,0,1,1,1,0,1,1,1,0,0,1,0,0,0,1,1,0,1,1,1,0,1,0,0,1,0,1,1,0,1,1,1,1,0,0,1,1,0,0,1,0,1,1,1,1,1,0,0,1,1,0,1,0,0,1,1,0,0,1,1,1,1,0,0,0,0,0,0,0,0,0,1,1,1,0,0,1,0,1
roberta-base-10M-1_1,0,1,0,1,0,1,0,1,1,1,0,1,1,0,1,0,0,0,0,1,0,0,1,0,0,1,1,0,1,0,0,1,1,0,0,1,1,0,1,0,1,1,0,0,0,0,0,1,0,0,1,1,1,1,1,0,1,1,1,0,0,0,0,0,0,0,0,0,0,0,0,0,0,0,1,1,0,0,1,1,1,0,0,1,0,0,1,0,1,0,0,1,0,0,0,1,0,1,0,0,1,1,1,1,1,1,0,1,1,1,0,1,0,0,0,1,1,1,0,0,0,1,1,0,0,1,0,1,0,0,0,1,1,0,1,0,1,0,1
roberta-med-small-1M-3_best,0,0,1,1,1,0,0,1,0,0,0,1,0,0,0,1,0,1,0,1,1,1,1,1,0,1,0,0,1,0,1,0,1,0,0,0,0,0,0,1,0,0,0,0,0,1,0,1,0,0,1,1,1,1,0,0,1,1,0,0,0,0,0,1,0,1,1,1,0,1,1,0,0,0,1,1,0,1,0,1,1,1,1,1,0,0,0,1,1,1,1,0,0,0,1,1,1,0,0,1,1,0,1,1,1,1,1,0,1,1,0,1,0,1,1,1,1,0,1,1,0,0,0,0,1,0,0,1,0,1,1,1,1,0,0,1,1,0,1
roberta-med-small-1M-3_10,0,0,1,1,1,1,0,1,0,0,0,0,0,0,0,1,0,0,0,1,0,0,1,1,0,1,0,0,1,0,1,0,1,1,0,1,0,0,1,1,0,0,0,1,0,1,0,1,0,0,1,1,1,1,1,1,1,0,0,1,1,0,0,0,0,1,1,1,0,1,1,1,0,0,0,1,1,1,0,1,1,0,1,1,0,0,0,1,1,1,1,0,0,0,1,1,1,0,1,1,1,0,1,0,1,1,0,0,1,1,0,0,0,1,1,1,0,0,1,0,1,0,0,0,1,0,0,0,0,0,1,1,1,0,0,1,1,1,1
roberta-med-small-1M-3_25,1,0,1,1,1,0,0,1,0,0,0,0,1,0,1,0,1,0,0,1,0,1,1,0,1,0,0,1,0,0,0,0,1,1,0,0,0,1,1,1,0,0,1,0,1,1,1,1,0,0,0,1,0,1,1,1,0,0,1,1,1,1,0,0,1,0,1,0,1,0,1,1,0,1,0,0,1,1,1,1,1,0,1,0,1,0,1,1,0,1,1,0,0,0,1,0,0,0,0,1,0,1,1,0,1,1,1,0,0,1,0,0,1,0,0,0,1,0,1,0,1,0,0,1,1,0,1,0,0,0,1,0,1,0,0,0,1,0,0
roberta-med-small-1M-3_50,1,0,1,1,1,1,0,1,0,0,0,0,0,0,0,0,0,0,0,1,0,1,1,0,1,1,0,1,0,0,0,0,1,1,0,1,0,0,0,1,0,0,0,0,1,1,0,1,0,0,0,1,0,1,1,1,1,0,1,0,1,0,0,1,1,0,1,0,1,0,1,1,0,1,1,1,1,0,1,1,1,0,1,0,1,0,1,1,0,1,1,0,0,0,1,1,1,1,1,1,0,1,1,0,1,1,1,0,1,1,0,0,0,0,1,0,1,0,1,0,1,0,0,0,1,0,0,0,0,0,1,0,1,0,0,0,1,0,0
roberta-med-small-1M-3_1,1,1,0,0,1,1,0,1,1,1,0,0,0,0,1,1,0,1,0,0,0,1,1,0,1,0,0,0,1,0,0,1,1,0,0,1,1,1,0,0,1,1,1,0,0,0,0,0,0,1,0,0,0,1,0,0,1,1,0,0,1,0,0,1,1,0,0,0,1,0,0,1,1,0,0,0,0,0,1,1,1,1,1,1,1,1,1,1,1,1,0,1,0,0,1,0,1,0,0,1,1,0,0,0,1,1,1,1,0,1,1,1,1,1,1,0,0,0,1,1,1,1,0,1,1,1,0,0,0,0,1,1,1,0,0,1,0,1,1
roberta-base-100M-1_best,1,1,1,1,0,1,0,0,1,1,0,0,0,1,0,0,0,0,0,1,0,0,1,1,0,1,1,0,1,0,1,0,1,0,0,1,1,0,1,0,1,0,0,1,1,1,1,1,0,0,1,1,1,1,1,1,0,0,1,1,1,1,1,0,1,1,1,1,0,1,1,1,0,0,0,1,1,0,0,1,0,0,0,1,0,0,1,1,0,1,1,0,1,0,1,1,1,1,0,1,0,0,1,1,1,1,0,0,1,0,0,1,0,1,1,1,1,0,1,0,1,0,0,0,0,0,0,1,0,1,0,1,1,0,0,0,1,1,1
roberta-base-100M-1_10,0,1,1,1,0,1,0,0,1,1,0,1,0,1,0,1,0,0,0,1,1,0,1,1,0,1,1,0,1,0,1,0,1,1,0,1,1,0,1,0,1,0,0,1,0,1,0,1,0,0,1,1,1,1,1,1,1,1,1,0,0,1,0,0,1,1,1,1,0,1,1,0,0,0,0,1,1,0,0,1,1,0,0,1,0,0,1,1,0,0,1,0,1,0,1,1,1,1,1,1,1,0,0,1,1,1,0,1,1,1,0,1,0,1,0,1,1,0,1,0,0,1,0,0,0,0,0,1,0,1,0,1,1,0,0,1,1,1,1
roberta-base-100M-1_25,1,1,0,1,0,1,0,0,1,0,1,0,0,1,1,0,1,0,1,1,0,1,1,1,0,1,0,1,1,1,1,1,1,0,0,1,1,1,1,0,1,0,0,1,1,1,1,1,0,0,1,1,1,1,1,1,0,0,1,1,0,1,1,0,1,1,1,1,0,0,1,1,0,0,0,1,1,1,0,1,0,0,1,1,1,0,1,1,0,0,1,0,1,1,1,1,1,0,0,1,0,0,1,1,1,1,0,0,1,1,0,0,0,1,1,0,1,0,1,0,1,0,0,0,1,0,0,1,0,0,0,1,1,1,1,0,1,0,1
roberta-base-100M-1_50,0,1,1,1,0,1,0,0,1,1,0,1,0,1,1,0,1,0,0,1,0,0,1,1,0,1,0,0,1,1,1,1,1,0,0,1,1,0,1,1,1,0,0,1,1,1,1,1,0,0,1,1,1,1,1,1,0,1,1,0,0,1,1,0,1,1,1,1,0,1,1,1,0,0,0,1,1,0,1,1,0,1,1,1,0,0,1,1,1,0,1,0,1,0,1,1,1,1,1,1,0,0,1,1,1,1,0,0,1,1,0,1,0,1,1,1,0,0,1,0,1,1,0,0,1,0,0,1,0,0,0,1,1,0,0,1,1,1,1
roberta-base-100M-1_1,0,1,1,1,0,1,1,0,0,0,0,1,1,0,0,1,0,0,0,1,0,0,1,0,0,1,1,0,1,0,1,0,0,0,1,1,1,0,1,1,0,0,0,0,1,1,1,1,1,0,1,1,1,1,0,1,0,1,0,1,0,0,0,0,0,1,1,1,0,1,1,1,1,0,0,1,1,0,0,0,1,1,0,0,1,1,0,1,0,0,1,0,0,0,0,1,1,0,1,1,0,0,0,0,1,1,0,0,1,1,0,0,0,0,0,1,1,1,1,1,0,1,0,1,0,0,1,0,0,0,1,1,1,0,0,0,1,0,1
roberta-base-100M-2_best,1,1,1,1,0,1,0,0,1,1,0,1,0,1,0,0,1,0,0,1,1,0,1,1,0,1,0,1,1,1,1,1,1,0,1,1,1,1,1,0,1,0,0,0,0,1,0,1,0,0,1,1,1,1,1,1,0,1,1,1,0,1,0,0,1,1,1,1,0,1,1,1,1,0,1,1,0,1,0,1,1,0,1,1,1,0,1,1,1,0,1,1,1,1,1,1,1,1,1,1,0,0,1,0,1,1,0,1,1,1,0,0,0,1,1,1,1,0,1,0,0,0,0,0,0,0,0,1,0,0,0,1,1,0,1,1,1,0,1
roberta-base-100M-2_10,1,1,1,1,0,1,0,0,1,1,0,1,0,0,0,0,1,0,0,0,1,0,1,1,0,1,0,1,1,1,1,1,1,0,0,1,1,0,1,0,1,0,0,1,0,1,0,1,0,0,1,1,1,1,0,1,0,1,1,0,1,1,0,0,1,1,1,1,0,1,1,1,1,0,0,1,1,0,0,1,1,1,1,1,1,0,1,1,1,0,1,0,1,0,1,1,1,1,1,0,0,0,1,1,1,1,0,1,1,1,0,0,0,1,1,1,1,0,1,1,0,1,0,0,0,0,0,1,0,0,0,1,1,0,0,1,1,1,1
roberta-base-100M-2_25,1,1,1,1,0,1,0,0,1,1,0,1,0,1,0,0,1,0,0,1,1,0,1,1,0,1,0,1,1,1,1,1,1,0,0,1,1,0,1,0,1,0,0,1,0,1,0,1,0,0,1,1,1,1,1,1,0,1,0,1,0,1,0,0,1,1,1,1,0,1,1,0,1,0,1,1,0,1,0,1,1,0,1,1,1,0,1,1,1,0,1,1,1,0,1,1,1,1,1,1,0,0,1,1,1,1,0,1,1,1,0,1,0,1,1,1,1,0,1,1,0,0,0,0,0,0,0,1,0,0,0,1,1,0,0,0,1,0,1
roberta-base-100M-2_50,1,1,1,1,0,1,1,0,1,1,0,1,0,1,0,0,0,0,0,1,1,0,1,1,0,1,0,1,1,1,1,1,1,1,1,1,1,1,1,0,1,0,0,1,0,1,0,1,0,0,1,1,1,1,1,1,0,1,0,1,0,1,0,0,1,1,1,1,0,1,1,0,1,0,1,1,0,1,0,1,1,0,1,1,0,0,1,1,1,0,1,0,1,0,1,1,1,1,1,0,0,0,1,1,1,1,0,1,1,1,0,0,0,1,1,1,1,0,1,1,0,0,0,0,0,0,0,1,0,0,0,1,1,0,1,1,1,0,1
roberta-base-100M-2_1,0,1,1,0,1,1,0,0,0,1,0,1,0,0,0,1,1,0,0,1,0,0,1,1,0,1,1,0,1,1,0,0,1,0,1,1,1,0,1,0,1,1,0,0,1,1,0,0,1,1,0,1,0,0,0,1,1,1,1,0,0,0,0,1,1,1,0,1,0,1,0,0,1,0,1,0,0,1,0,1,1,1,1,1,0,0,0,1,1,0,1,0,0,0,1,1,1,1,0,0,0,0,0,0,1,1,0,0,1,1,1,1,0,0,0,1,0,1,0,1,0,1,0,0,0,0,0,1,0,1,0,1,1,0,0,1,1,1,1
roberta-base-1B-3_best,1,1,1,1,0,1,1,0,1,1,1,1,0,1,1,0,1,1,1,1,1,0,1,1,0,1,1,1,1,1,1,1,1,0,0,1,1,0,1,1,1,1,0,1,1,1,0,0,0,0,1,1,1,1,1,1,0,1,1,1,0,1,0,0,1,1,1,1,1,1,1,0,0,0,1,1,0,1,1,1,1,0,1,0,0,0,1,1,1,0,1,1,1,1,1,1,1,1,1,1,0,0,1,1,1,1,1,0,1,0,1,1,0,1,1,1,1,0,1,1,0,0,0,0,1,0,0,1,0,0,1,1,1,1,1,1,1,1,1
roberta-base-1B-3_10,0,1,1,1,0,1,0,0,1,1,0,1,0,1,1,0,1,0,1,1,1,1,1,1,0,1,1,1,1,1,1,1,1,0,0,1,1,0,1,0,1,1,0,1,1,1,0,1,0,0,1,1,1,1,1,1,0,1,1,1,1,1,0,0,0,1,1,1,0,1,1,1,0,0,1,1,1,1,1,1,0,0,1,0,1,0,1,1,1,1,1,1,1,1,0,1,1,1,1,1,0,0,1,1,1,1,1,1,1,1,1,1,1,1,1,1,1,0,1,0,1,0,1,0,1,1,0,1,0,0,1,1,1,1,1,0,0,1,1
roberta-base-1B-3_25,1,1,1,1,0,1,1,0,1,1,1,1,0,1,1,0,1,1,1,1,1,1,1,1,0,1,1,1,1,1,1,1,1,0,0,1,1,0,1,0,1,1,1,1,1,1,0,0,0,0,1,1,1,1,1,1,0,1,1,1,0,1,0,0,1,1,1,1,1,1,1,1,0,0,1,1,0,1,1,1,1,0,1,0,0,0,0,1,1,0,1,1,1,1,0,1,0,1,0,1,0,0,1,1,1,1,1,0,1,1,1,1,0,1,1,1,1,0,1,1,0,0,1,0,0,0,0,0,0,0,1,1,1,1,1,1,1,1,1
roberta-base-1B-3_50,1,1,1,1,0,1,1,0,1,1,0,1,0,1,1,0,1,0,1,1,1,0,1,1,0,1,1,1,1,1,1,1,1,0,0,1,1,0,1,1,1,1,0,1,1,1,0,1,0,0,1,1,1,1,1,1,1,1,1,1,0,1,0,0,1,1,1,1,0,1,1,0,0,0,1,1,0,1,1,1,1,0,1,1,0,0,1,1,1,0,1,1,1,1,1,1,1,1,1,1,0,0,1,1,1,1,0,0,1,1,1,1,0,1,0,1,1,0,1,1,0,1,0,0,1,0,0,0,0,0,1,1,1,0,0,1,1,1,1
roberta-base-1B-3_1,1,1,0,1,0,1,0,0,0,0,0,1,1,0,1,1,1,0,0,1,1,0,1,1,0,1,0,0,1,1,0,1,1,1,1,1,1,0,1,0,1,1,0,0,1,1,1,0,0,1,1,1,0,1,0,0,0,1,1,0,0,0,1,1,1,1,0,1,1,1,1,0,1,1,1,0,1,0,0,0,1,0,0,1,0,1,0,0,0,0,1,1,1,0,0,1,0,1,1,0,1,1,0,1,1,1,1,1,1,1,1,0,0,0,0,1,0,1,0,0,0,1,1,0,1,0,1,1,0,0,0,0,1,1,0,1,1,0,1
roberta-base-1B-2_best,0,1,1,1,0,1,1,0,1,1,0,1,0,1,0,0,0,0,0,1,1,0,1,1,0,1,1,1,1,1,1,1,1,0,1,1,1,0,1,1,1,0,0,1,0,1,0,1,0,0,1,1,1,1,0,1,1,1,1,0,0,1,0,0,1,1,1,1,0,1,1,0,1,0,1,1,0,0,1,1,1,1,0,1,0,0,0,1,0,0,1,0,1,0,1,1,1,1,1,0,0,0,1,1,1,1,0,0,1,0,0,1,0,1,1,1,1,0,1,1,0,0,0,0,1,0,0,1,0,0,0,1,1,0,1,1,1,1,1
roberta-base-1B-2_10,0,1,1,1,0,1,0,0,1,1,1,1,0,1,0,0,0,0,0,0,1,1,1,1,0,1,1,1,1,1,1,0,1,0,1,1,1,0,1,1,1,1,0,1,1,0,0,1,0,0,1,1,1,1,0,1,1,0,1,0,1,1,0,0,1,1,1,1,0,1,1,0,1,0,1,1,1,0,0,1,1,1,1,1,1,0,0,1,1,1,1,0,1,1,1,1,1,1,1,1,0,0,1,1,1,1,0,1,1,1,0,0,0,1,1,1,1,0,1,1,0,0,0,0,1,0,0,1,0,0,0,1,1,0,1,1,1,1,1
roberta-base-1B-2_25,0,1,1,1,0,1,1,0,1,1,1,1,0,1,0,0,0,0,0,1,0,0,1,1,0,1,1,1,1,1,1,1,1,0,1,1,1,1,1,1,1,1,0,1,0,1,0,1,0,0,1,1,1,1,1,1,1,1,1,1,0,1,0,0,0,1,1,1,0,1,1,0,1,0,1,1,0,0,1,1,0,0,1,1,1,0,1,1,0,1,1,1,1,0,1,1,1,1,1,1,0,0,1,1,1,1,0,0,1,0,0,0,1,1,1,1,1,0,1,1,1,0,0,1,1,1,1,1,0,0,0,1,1,0,1,1,1,1,0
roberta-base-1B-2_50,0,1,1,1,0,1,1,0,1,1,1,1,0,1,0,0,0,0,0,1,0,1,1,1,0,1,1,1,1,1,1,1,1,0,1,1,1,0,1,0,1,0,0,1,0,1,0,1,0,0,1,1,1,1,0,1,1,1,1,1,0,1,0,0,1,1,1,0,0,1,1,0,1,0,1,1,0,1,1,1,1,0,0,1,0,0,0,1,0,1,1,0,1,0,1,1,1,1,1,0,0,0,1,1,1,1,0,0,1,0,0,0,0,1,1,1,1,0,1,1,1,0,0,1,1,0,1,1,0,0,0,1,1,0,1,1,1,1,1
roberta-base-1B-2_1,0,0,0,1,0,1,0,1,1,1,1,1,0,0,0,1,0,0,0,1,0,1,1,0,1,1,1,0,1,0,1,0,1,1,1,1,1,0,1,1,1,0,0,1,0,0,1,1,0,0,1,0,1,1,1,1,1,0,0,1,0,1,1,1,1,1,1,1,0,1,1,0,1,0,0,1,0,0,0,0,1,1,1,1,1,0,1,1,0,0,1,1,1,0,1,1,1,0,0,0,1,0,1,1,1,1,0,1,0,1,0,1,1,1,0,1,0,1,0,1,0,1,1,0,1,0,1,0,0,1,1,0,1,0,1,0,0,0,1
roberta-med-small-1M-1_best,0,0,0,1,0,0,0,0,1,0,0,0,1,0,0,1,0,1,1,0,1,1,1,1,0,0,0,0,1,0,1,0,1,1,0,0,0,0,1,1,0,0,0,1,0,1,0,1,0,1,1,1,0,1,1,1,1,1,0,1,0,0,0,1,1,1,1,1,1,1,1,0,1,0,1,1,1,0,0,0,1,1,0,1,0,0,0,1,1,0,0,0,0,1,1,1,1,0,1,1,1,0,0,1,1,1,1,0,1,1,0,1,0,1,1,1,1,0,1,0,0,0,0,0,1,0,0,1,0,0,1,1,1,0,0,0,1,0,0
roberta-med-small-1M-1_10,1,0,1,1,1,0,1,1,1,0,0,0,1,0,0,1,0,0,0,0,1,1,1,1,0,0,0,0,1,1,1,0,1,1,1,1,0,0,1,1,0,1,1,1,0,1,0,1,0,1,0,1,1,1,1,1,0,0,0,1,1,0,1,0,0,1,1,1,1,1,1,1,0,0,1,1,1,0,0,0,1,0,1,0,0,0,0,1,1,1,0,0,0,0,0,1,1,0,1,1,1,0,0,1,1,1,1,0,1,0,0,0,1,1,1,1,1,0,1,0,0,0,0,0,1,0,1,0,0,0,1,1,1,1,0,0,1,0,0
roberta-med-small-1M-1_25,1,0,0,0,1,0,0,1,0,0,0,0,1,0,1,0,1,0,1,0,0,1,1,1,0,0,0,1,0,1,0,0,1,0,0,0,0,0,0,0,1,0,1,0,1,0,0,1,1,0,0,1,0,0,1,1,0,0,1,1,1,1,1,1,1,0,1,1,1,1,1,1,0,0,1,0,0,1,1,0,0,0,1,0,1,0,1,1,0,1,0,0,0,0,0,0,1,0,0,1,1,1,1,0,1,1,1,0,1,0,0,0,1,1,1,0,1,0,1,0,1,0,0,0,1,0,1,0,0,1,1,0,0,1,0,0,0,0,0
roberta-med-small-1M-1_50,1,0,0,1,1,0,0,1,1,0,0,0,1,0,0,0,1,0,1,0,0,1,1,1,0,1,0,1,1,0,0,0,1,1,0,0,0,0,1,0,0,0,1,0,0,0,1,1,1,0,0,1,0,0,1,1,1,0,1,1,1,1,1,0,1,0,1,1,1,0,1,0,0,0,1,0,1,0,1,0,1,0,1,0,0,0,0,1,0,1,0,0,0,0,0,0,1,0,0,1,1,1,1,0,1,1,1,0,1,0,0,0,1,0,1,0,1,0,1,0,1,0,0,0,1,0,1,0,0,0,1,0,1,0,0,0,1,0,0
roberta-med-small-1M-1_1,0,0,0,0,0,0,1,1,1,0,0,0,1,0,0,1,0,0,1,0,0,1,1,0,0,0,0,0,1,1,1,1,0,0,1,0,0,1,0,1,1,1,1,1,1,0,0,1,0,0,0,1,0,0,0,1,1,0,1,1,0,1,1,1,1,1,0,1,1,1,0,0,0,1,1,1,0,0,1,0,1,1,1,0,1,0,1,0,0,0,0,0,0,1,0,0,1,0,1,1,1,1,1,1,0,1,0,1,1,1,1,0,0,1,1,1,1,0,1,1,0,1,0,0,1,0,1,0,1,1,1,0,0,1,1,1,1,0,0
bert-large-cased_best,1,1,1,1,1,1,0,0,1,1,1,1,0,1,1,0,1,1,1,1,1,1,1,1,0,1,0,1,1,1,0,1,1,0,0,1,1,1,1,0,1,0,1,1,1,1,1,1,0,0,1,1,1,1,1,1,0,1,1,1,1,1,1,1,1,1,1,0,1,1,1,0,1,1,1,0,0,1,1,1,0,0,1,1,0,0,0,1,1,1,1,0,1,0,1,1,1,1,0,1,1,1,1,1,1,1,0,0,1,1,0,1,1,1,1,1,1,0,1,0,1,0,0,1,0,1,1,0,0,1,1,1,1,0,1,1,1,1,0
bert-large-cased_10,1,1,1,1,1,0,0,0,0,1,1,0,0,1,1,0,1,0,1,0,1,1,1,1,0,1,0,1,1,1,0,1,1,0,0,1,1,1,1,0,1,0,1,1,1,0,1,1,1,0,1,1,1,1,1,1,0,0,1,1,1,1,1,1,1,1,1,0,1,1,1,1,0,0,1,1,1,1,1,1,1,0,1,0,0,0,1,1,1,0,1,1,1,1,1,1,1,0,0,1,0,1,1,1,1,1,0,0,1,1,1,1,0,1,0,1,1,0,1,0,1,0,1,1,1,1,1,0,0,1,1,1,1,1,1,0,1,0,1
bert-large-cased_25,1,1,1,1,0,1,1,0,1,1,1,1,0,1,1,0,1,1,1,1,1,1,1,1,0,1,0,1,1,1,1,1,1,0,0,1,1,1,1,0,1,0,1,1,1,1,1,0,1,0,1,1,1,1,1,1,0,0,1,1,1,1,1,1,1,1,1,0,1,1,1,0,1,1,1,1,1,1,1,1,1,0,1,1,0,0,1,1,1,0,1,1,1,0,1,0,1,1,0,1,0,1,1,1,1,1,0,0,1,1,1,1,0,1,1,1,1,0,1,0,1,0,0,1,0,1,1,0,0,0,1,1,1,0,1,1,1,1,1
bert-large-cased_50,1,1,1,1,0,1,1,0,1,1,1,1,0,1,1,0,1,1,1,1,1,0,1,1,0,1,0,1,1,1,1,1,1,0,0,1,1,1,1,0,1,0,1,1,1,1,1,1,0,0,1,1,1,1,1,1,0,0,1,1,1,1,1,0,1,1,1,1,1,1,1,0,1,1,1,0,1,1,1,1,1,0,1,1,0,0,0,1,1,0,1,0,1,0,1,1,1,1,0,0,1,1,1,1,1,1,0,0,1,1,0,1,1,1,1,1,1,1,1,0,0,1,0,1,0,1,0,0,0,1,1,1,1,0,1,1,1,1,1
bert-large-cased_1,0,1,1,1,0,1,1,0,1,1,0,1,0,0,0,1,0,1,1,1,1,0,1,1,0,1,1,0,1,0,1,0,1,1,1,1,1,0,1,1,0,0,0,1,0,1,0,1,0,1,1,1,1,1,0,1,1,1,0,0,0,0,0,0,1,1,1,1,0,1,1,0,1,0,0,1,1,0,0,1,1,1,0,1,0,0,0,1,1,0,1,0,1,0,1,1,1,1,1,0,1,0,1,1,1,1,0,1,1,1,0,1,0,1,0,1,0,1,0,1,0,1,0,0,0,1,0,1,0,0,0,1,1,0,0,1,1,1,1
roberta-base-100M-3_best,1,1,1,1,0,0,0,0,1,0,0,1,0,1,1,0,1,0,0,1,1,0,1,0,0,1,0,1,1,0,1,1,1,0,0,1,0,1,1,0,1,1,0,1,1,1,1,0,0,0,0,1,1,1,1,1,1,0,1,1,1,1,0,0,1,1,1,1,0,0,1,1,0,0,1,1,1,1,1,1,1,1,1,1,1,0,1,1,0,1,1,1,1,1,1,1,1,0,0,1,0,1,1,0,1,1,0,0,1,1,0,0,0,1,1,1,1,0,1,0,1,0,0,0,1,1,0,1,0,0,0,0,1,1,0,0,0,1,0
roberta-base-100M-3_10,0,1,1,1,0,1,0,0,1,1,0,1,0,1,0,1,0,1,0,1,1,0,1,1,0,1,1,0,1,0,1,0,1,1,1,1,1,0,1,1,0,0,0,1,0,1,0,1,0,0,1,1,1,1,0,1,1,1,1,0,0,0,0,0,1,1,1,1,0,1,1,0,1,0,0,1,1,0,0,1,1,1,0,1,0,0,0,1,1,0,1,0,1,0,1,1,1,1,1,0,1,0,0,1,1,1,0,1,1,1,0,1,0,1,1,1,0,0,1,1,0,1,0,0,0,0,0,1,0,0,0,1,1,0,0,1,1,1,1
roberta-base-100M-3_25,1,1,1,1,0,1,0,0,1,1,0,1,0,1,1,1,1,0,0,1,0,0,1,1,0,1,0,1,1,0,1,1,1,0,0,1,1,1,1,1,1,1,0,1,0,1,1,1,0,0,1,1,1,1,1,1,1,0,1,0,1,1,0,0,1,1,1,1,0,0,1,1,0,0,1,1,1,1,1,1,1,0,0,1,0,0,0,1,0,0,1,0,1,0,1,1,1,0,0,1,0,1,1,1,1,1,0,1,1,1,0,1,0,1,1,1,1,0,1,0,0,1,0,0,1,1,0,1,0,0,0,1,1,1,0,0,1,1,1
roberta-base-100M-3_50,0,1,1,1,0,1,0,0,1,1,0,1,0,1,1,0,0,0,0,1,1,0,1,1,0,1,1,0,1,1,1,1,1,0,0,1,1,0,1,0,1,1,0,1,0,1,0,1,0,0,1,1,1,1,0,1,1,0,1,0,0,1,1,0,1,1,1,1,0,1,1,1,0,0,1,1,1,0,1,1,1,0,0,1,0,0,0,1,1,0,1,0,1,0,1,1,1,0,0,1,0,1,1,1,1,1,0,0,1,1,0,1,0,1,1,1,1,0,1,0,0,1,0,0,1,0,0,1,0,0,0,1,1,1,0,0,1,1,1
roberta-base-100M-3_1,1,1,1,0,1,0,0,1,1,1,1,0,1,0,0,1,0,0,1,0,0,1,0,1,1,0,0,0,1,1,1,1,1,0,0,1,1,1,1,0,0,1,1,0,1,1,1,1,1,0,0,0,0,0,1,0,1,0,1,0,1,1,0,1,0,1,0,0,0,0,0,1,0,0,1,0,0,0,0,1,1,0,1,0,0,0,1,1,0,0,1,0,0,0,1,0,1,0,0,0,0,0,1,1,1,0,0,0,1,1,1,1,0,0,0,1,1,1,0,1,1,0,0,0,1,0,1,0,0,1,1,1,1,0,1,1,1,1,0
roberta-base-10M-3_best,1,1,0,1,0,1,0,0,1,0,0,0,0,0,0,1,1,0,0,1,1,0,1,1,0,1,0,0,1,1,0,0,1,1,1,1,1,1,1,1,1,0,0,1,0,1,0,1,1,0,0,1,1,1,1,1,0,1,1,0,0,1,0,0,1,1,1,0,0,1,1,0,1,0,1,1,0,0,1,1,1,0,0,0,0,0,1,1,0,1,1,1,1,0,0,1,1,1,1,1,1,0,1,0,1,1,0,0,1,1,0,1,1,0,1,1,0,0,1,1,0,1,1,0,0,0,0,1,0,0,0,1,1,1,0,0,0,0,1
roberta-base-10M-3_10,0,0,1,1,0,1,0,0,1,0,0,0,0,0,0,1,0,0,0,1,1,0,1,1,0,1,0,0,1,1,0,0,1,1,1,1,1,0,1,1,1,0,0,1,1,0,0,1,1,0,1,1,1,1,1,1,0,1,1,0,0,0,0,0,1,1,1,0,0,1,1,0,1,0,0,1,1,0,0,1,1,1,1,0,1,0,1,1,1,1,1,0,1,0,0,1,1,1,1,0,1,0,1,0,1,1,0,1,1,0,0,1,0,1,1,1,0,0,1,1,0,1,0,0,0,0,0,0,0,0,0,1,1,0,0,0,1,1,0
roberta-base-10M-3_25,0,1,0,1,0,1,0,0,1,0,0,0,0,0,0,1,1,0,0,1,1,0,1,1,0,1,0,0,1,1,0,0,1,1,1,1,1,1,1,1,1,0,0,1,0,1,0,1,1,0,1,1,1,1,0,1,0,1,1,0,0,1,0,0,1,1,1,0,0,1,1,0,1,0,1,1,0,0,1,1,1,1,0,0,0,0,1,1,0,1,1,1,1,0,1,1,1,1,1,1,1,0,0,0,1,1,0,0,1,1,0,1,1,1,1,1,0,0,1,1,0,1,0,0,0,0,0,1,0,0,0,1,1,0,0,0,0,0,1
roberta-base-10M-3_50,1,0,1,1,0,0,0,0,1,0,0,0,0,0,0,0,1,0,0,1,0,0,1,1,0,1,0,1,1,1,0,0,1,1,1,1,1,1,1,1,0,0,0,1,0,1,0,1,1,0,1,1,1,1,1,1,0,0,1,0,0,1,0,0,1,0,1,0,0,1,1,0,1,0,1,1,0,0,1,1,0,0,0,0,0,0,1,1,0,1,1,0,1,0,1,1,1,1,1,1,0,0,0,0,1,1,0,1,1,1,0,1,0,0,1,1,0,0,1,1,0,1,1,0,0,0,1,1,0,0,0,1,1,0,0,0,0,0,0
roberta-base-10M-3_1,0,1,0,0,1,1,0,1,1,1,0,0,0,0,1,1,1,0,1,0,1,0,1,1,0,1,0,0,1,0,0,0,1,1,1,1,0,0,0,1,1,1,0,1,1,1,0,1,0,0,1,1,0,1,0,0,0,1,0,0,0,0,0,1,1,0,0,1,0,0,1,1,1,0,1,1,0,0,1,1,1,1,0,1,0,0,1,1,1,0,0,0,1,0,0,0,0,1,0,1,1,1,1,1,1,1,0,0,1,1,0,1,0,0,0,1,1,1,0,1,0,1,1,1,0,1,0,0,0,0,0,1,1,0,0,1,1,0,1
roberta-med-small-1M-2_best,0,0,0,1,1,0,0,0,0,1,0,0,0,0,0,1,1,0,0,1,1,1,1,1,0,1,0,1,1,0,0,0,1,1,0,1,0,1,0,0,1,0,0,1,0,1,1,1,0,0,0,1,1,1,1,1,1,0,1,0,1,0,1,0,0,1,1,0,0,0,1,1,0,0,1,1,0,1,1,1,1,0,1,0,1,0,1,1,0,1,1,0,0,0,0,1,1,0,1,1,1,0,1,0,0,1,0,0,1,1,0,0,1,1,1,0,0,0,1,0,1,0,0,0,1,0,1,0,0,0,0,1,1,0,0,0,1,0,0
roberta-med-small-1M-2_10,0,0,1,1,0,0,0,0,0,0,0,0,0,0,0,1,0,0,0,1,1,0,1,0,0,1,0,0,1,0,1,0,1,1,0,1,0,1,0,0,0,0,0,1,0,1,0,1,1,0,1,1,1,1,1,1,1,1,0,0,1,0,0,0,0,1,1,0,0,1,1,1,0,0,1,1,1,1,0,0,1,0,1,1,0,0,1,1,1,1,1,0,0,0,0,1,1,1,1,1,1,0,0,0,1,1,0,0,1,1,0,1,1,0,1,1,0,0,1,0,0,0,0,0,0,0,0,0,1,0,0,1,1,0,0,0,1,1,0
roberta-med-small-1M-2_25,0,0,0,1,1,0,0,0,0,0,0,0,1,0,1,0,1,0,0,1,0,1,1,1,0,1,0,1,1,0,0,1,1,1,0,1,0,1,0,0,1,0,1,0,1,0,1,1,1,0,0,1,1,1,1,1,0,0,1,0,1,0,1,0,0,0,1,0,0,0,1,1,0,0,1,1,0,1,1,1,1,0,1,0,1,1,0,1,0,1,1,0,0,0,0,0,0,0,1,1,0,1,1,0,0,1,0,0,1,0,1,0,1,0,1,0,1,0,1,0,1,0,0,0,1,0,1,0,1,0,0,1,1,0,0,0,0,0,0
roberta-med-small-1M-2_50,0,0,0,1,1,0,0,0,0,0,0,0,0,0,1,1,1,0,0,1,0,1,1,1,0,1,0,1,1,0,0,0,0,1,0,1,0,1,0,0,0,0,0,1,1,1,1,1,1,0,0,1,1,1,1,1,0,0,1,0,1,0,1,0,0,1,1,0,0,0,1,1,0,0,1,1,1,1,1,1,1,1,1,0,1,1,1,1,0,1,1,0,0,0,0,0,1,0,1,1,1,0,1,0,0,1,0,0,1,1,1,0,1,0,1,0,0,0,1,0,1,0,0,0,1,0,1,0,1,0,0,1,1,0,0,0,0,0,0
roberta-med-small-1M-2_1,1,0,1,1,0,1,1,0,1,1,0,0,0,0,0,1,0,1,0,1,0,0,1,1,0,1,1,0,1,1,1,0,1,1,0,1,0,0,1,1,1,0,0,1,0,1,0,1,0,0,1,1,1,1,0,0,1,1,1,0,1,1,0,0,1,1,1,1,1,0,1,0,1,0,0,0,0,0,0,0,1,1,0,0,0,0,1,1,0,1,1,0,1,0,1,1,1,1,0,0,1,0,0,1,1,1,1,1,1,1,0,1,0,1,0,1,0,1,0,0,0,1,1,0,0,0,0,1,0,1,0,1,0,0,0,0,1,1,1
roberta-base-10M-2_best,1,0,1,0,1,0,0,0,1,0,0,1,0,0,0,0,1,0,0,1,1,0,1,1,0,0,0,1,1,0,0,0,0,1,0,1,1,1,0,0,1,0,1,1,1,0,1,1,1,0,1,1,1,1,1,1,0,0,1,0,0,1,1,1,0,1,0,1,0,0,1,0,1,0,1,1,0,1,1,1,0,0,1,0,0,0,0,1,0,1,1,1,1,0,0,1,1,1,1,1,0,0,1,0,1,1,1,0,1,1,0,0,0,0,1,0,0,0,1,0,1,0,1,1,0,1,1,0,0,0,0,1,1,0,1,0,1,0,0
roberta-base-10M-2_10,0,0,0,0,0,0,0,0,1,0,0,1,0,0,0,0,1,0,1,1,1,0,1,1,1,1,0,1,1,0,1,0,0,0,0,1,1,1,0,1,1,0,0,1,1,1,0,1,0,0,1,1,1,1,1,1,0,0,1,0,0,1,1,0,0,1,0,1,1,0,1,0,1,0,0,1,1,1,1,0,0,0,1,0,1,0,0,1,1,1,1,0,1,0,0,1,1,0,0,1,1,0,1,0,1,1,0,0,0,1,0,0,1,1,1,0,1,0,1,0,0,1,0,0,0,0,0,0,0,0,0,1,1,0,0,0,0,0,0
roberta-base-10M-2_25,1,0,0,0,0,0,0,0,1,0,0,1,0,0,0,0,1,0,0,1,1,0,1,0,0,0,0,1,1,0,0,0,0,0,0,1,1,1,1,0,1,0,0,1,1,0,1,1,1,0,1,1,1,1,1,1,0,0,1,0,0,1,1,1,0,1,1,1,1,1,1,0,0,0,1,1,0,1,1,1,0,1,1,0,1,0,0,1,0,1,1,1,1,0,0,1,1,0,1,1,0,0,1,0,1,1,0,0,1,1,0,1,0,1,1,0,0,0,1,0,0,1,1,1,1,0,1,0,0,0,0,1,1,1,1,1,1,0,0
roberta-base-10M-2_50,1,0,1,1,0,0,0,0,1,0,0,1,0,0,0,0,1,0,0,1,1,0,1,1,0,0,0,1,1,0,1,0,1,1,0,1,1,1,1,0,1,0,0,1,1,1,1,1,0,0,1,1,1,1,1,1,0,0,1,0,0,1,1,0,0,1,0,1,0,0,1,0,1,0,1,1,0,1,1,1,0,1,1,0,0,0,0,1,0,1,1,1,1,0,0,1,1,1,1,1,0,0,1,0,1,1,0,0,1,1,0,1,0,1,1,0,0,0,1,0,1,0,1,1,0,0,0,0,0,0,0,1,1,0,0,0,1,0,0
roberta-base-10M-2_1,0,0,1,0,0,1,1,1,1,1,1,1,0,0,0,1,0,1,0,1,1,0,1,1,0,0,1,0,1,0,0,1,1,1,0,0,0,0,1,1,0,0,1,1,1,1,0,1,0,1,1,0,1,1,0,1,1,1,0,0,0,0,0,0,1,0,1,1,0,1,1,0,1,0,0,0,1,0,1,0,0,1,0,1,0,0,0,1,1,0,1,1,1,0,1,1,1,1,1,1,1,0,0,1,1,1,0,0,0,1,0,1,0,1,0,1,0,1,0,1,1,1,0,0,0,0,0,1,0,0,0,1,1,0,0,1,1,0,1
roberta-base-1B-1_best,0,1,1,1,0,1,0,0,1,1,0,1,0,1,1,0,0,0,1,0,1,1,1,1,0,1,0,0,1,1,1,1,1,0,0,1,1,0,1,0,1,1,0,1,1,1,0,1,0,0,1,1,1,1,1,1,1,1,1,1,1,1,0,0,1,1,1,1,0,1,1,1,1,0,1,1,1,1,0,1,1,0,1,1,1,0,0,1,0,1,1,0,1,1,0,1,1,1,0,0,0,0,0,1,1,1,0,0,0,0,0,1,0,1,0,1,1,0,1,1,1,0,0,0,1,1,0,1,0,1,0,1,1,0,0,1,1,1,1
roberta-base-1B-1_10,1,1,1,1,0,1,0,0,1,0,1,1,0,1,1,0,0,0,1,0,1,1,1,1,0,1,0,1,1,1,1,1,1,0,0,1,1,1,1,0,1,1,0,1,1,1,0,1,0,0,1,1,1,1,1,1,1,0,1,1,1,1,1,0,1,1,1,0,0,1,1,1,0,0,1,1,1,1,0,1,0,0,1,1,1,0,1,1,0,1,1,0,0,1,0,1,1,1,0,0,0,0,1,1,1,1,0,0,0,0,0,0,1,1,1,1,1,0,1,0,1,0,0,1,1,1,0,1,0,1,0,1,1,0,1,0,1,1,1
roberta-base-1B-1_25,1,1,1,1,0,0,0,0,0,0,1,1,0,1,1,0,1,0,1,1,1,1,1,1,0,1,0,1,1,1,1,1,1,0,0,0,1,1,1,0,1,1,0,1,1,0,1,1,0,0,0,1,1,1,1,1,0,0,1,1,1,1,1,0,1,1,1,0,1,1,1,1,0,0,1,1,0,1,1,1,0,0,1,1,1,1,1,1,0,1,1,1,0,1,0,1,0,1,0,1,0,0,1,1,1,1,1,0,0,0,1,0,1,0,1,0,1,0,1,0,1,0,0,1,1,1,1,0,1,1,1,1,1,1,1,0,0,1,0
roberta-base-1B-1_50,0,1,1,1,0,1,1,0,1,1,1,1,0,1,0,0,0,0,1,1,1,0,1,1,0,1,0,1,1,1,1,1,1,0,1,1,1,0,1,0,1,0,0,1,0,1,0,1,0,0,1,1,1,1,1,1,1,1,1,1,0,1,1,0,1,1,1,1,0,1,1,0,1,0,0,1,1,0,1,1,1,0,1,1,0,0,1,1,0,0,1,0,1,0,0,1,1,1,0,1,0,0,0,1,1,1,0,1,1,1,0,1,0,1,1,1,1,0,1,0,0,0,0,0,1,0,0,0,0,0,0,1,1,0,0,1,1,1,1
roberta-base-1B-1_1,1,0,0,0,1,1,1,1,1,0,1,1,1,1,1,0,0,0,0,0,1,0,1,0,1,0,0,1,0,0,0,0,1,0,0,1,1,0,0,0,1,1,1,1,0,1,1,0,0,0,0,1,1,1,1,1,0,0,0,1,1,1,0,1,0,0,0,0,1,1,0,1,0,1,1,0,0,0,1,1,0,0,1,0,0,0,0,0,1,1,1,1,1,1,1,0,1,0,0,1,1,0,0,0,1,1,0,1,1,0,1,0,1,0,0,0,1,1,0,0,1,1,1,1,1,0,1,1,1,1,1,0,0,0,1,0,0,0,1
bert-base-cased_best,1,1,1,1,1,1,1,0,1,0,1,1,0,1,1,0,1,0,1,1,1,0,1,1,0,1,0,1,1,1,1,1,1,0,0,1,1,1,1,0,1,1,1,1,1,1,1,1,0,0,1,1,1,1,1,1,0,0,1,1,0,1,1,0,1,1,1,0,1,1,1,0,0,0,1,0,0,0,1,1,1,0,1,1,0,0,1,1,1,0,1,0,1,1,1,1,1,0,0,0,0,0,1,1,1,1,0,0,1,1,1,1,0,1,1,0,1,0,1,0,1,0,0,1,0,1,0,0,0,0,1,1,1,1,1,1,1,1,0
bert-base-cased_10,0,1,1,1,0,1,1,0,1,0,1,1,0,1,1,0,1,1,1,1,1,0,1,1,0,1,1,0,1,0,1,1,1,0,0,1,1,1,1,0,1,0,0,1,1,1,1,1,0,0,1,1,1,1,1,1,0,0,1,1,1,1,1,0,1,1,1,0,1,1,1,0,0,0,0,0,0,0,0,1,1,0,1,1,0,0,0,1,1,0,1,0,1,0,1,1,1,1,0,1,0,1,1,1,1,1,0,0,1,1,1,1,0,1,0,1,1,0,1,0,1,1,0,0,0,1,0,1,0,1,1,1,1,1,1,1,1,1,1
bert-base-cased_25,1,1,1,1,0,1,1,0,1,1,1,1,0,1,1,0,1,1,1,1,1,0,1,1,0,1,0,1,1,1,1,1,1,0,0,1,1,1,1,0,1,0,1,1,1,1,1,1,0,0,1,1,1,1,1,1,0,0,1,1,0,1,1,0,1,1,1,0,1,1,1,0,0,0,1,0,0,0,1,1,1,0,1,1,0,0,1,1,1,0,1,0,1,0,0,1,1,1,0,1,0,0,1,1,1,1,0,0,1,1,0,0,0,1,1,0,1,0,1,0,0,1,0,0,0,1,1,1,0,1,1,1,1,0,1,1,1,1,1
bert-base-cased_50,0,1,1,1,0,1,1,0,1,1,1,1,0,1,1,0,0,1,1,1,1,0,1,1,0,1,1,1,1,1,1,1,1,0,0,1,1,1,1,0,1,0,1,1,1,1,1,1,0,0,1,1,1,1,1,1,0,1,1,1,0,1,1,0,1,1,1,0,1,1,1,0,0,0,1,0,0,1,1,1,1,0,1,1,0,0,1,1,1,0,1,0,1,1,0,1,1,1,1,1,0,0,1,1,1,1,0,0,1,1,1,0,0,1,1,0,1,0,1,0,0,1,0,0,0,1,0,0,0,1,1,1,1,0,1,1,0,1,1
bert-base-cased_1,0,1,1,1,0,1,1,0,1,1,0,1,0,0,0,1,0,1,0,1,1,0,1,1,0,1,1,0,1,0,1,0,1,1,1,1,1,0,1,1,0,0,0,1,0,1,0,0,0,1,1,1,1,1,0,1,1,1,0,0,0,0,0,0,1,1,1,0,0,1,1,0,1,0,0,1,1,0,0,0,1,1,0,1,0,0,0,1,1,0,1,0,1,0,1,1,1,1,1,0,1,0,1,1,1,1,0,1,1,1,0,1,0,1,0,1,0,1,0,1,0,1,0,0,0,1,0,1,0,0,0,1,1,0,0,1,1,1,1
