userid,wic_0,wic_1,wic_2,wic_3,wic_4,wic_5,wic_6,wic_7,wic_8,wic_9,wic_10,wic_11,wic_12,wic_13,wic_14,wic_15,wic_16,wic_17,wic_18,wic_19,wic_20,wic_21,wic_22,wic_23,wic_24,wic_25,wic_26,wic_27,wic_28,wic_29,wic_30,wic_31,wic_32,wic_33,wic_34,wic_35,wic_36,wic_37,wic_38,wic_39,wic_40,wic_41,wic_42,wic_43,wic_44,wic_45,wic_46,wic_47,wic_48,wic_49,wic_50,wic_51,wic_52,wic_53,wic_54,wic_55,wic_56,wic_57,wic_58,wic_59,wic_60,wic_61,wic_62,wic_63,wic_64,wic_65,wic_66,wic_67,wic_68,wic_69,wic_70,wic_71,wic_72,wic_73,wic_74,wic_75,wic_76,wic_77,wic_78,wic_79,wic_80,wic_81,wic_82,wic_83,wic_84,wic_85,wic_86,wic_87,wic_88,wic_89,wic_90,wic_91,wic_92,wic_93,wic_94,wic_95,wic_96,wic_97,wic_98,wic_99,wic_100,wic_101,wic_102,wic_103,wic_104,wic_105,wic_106,wic_107,wic_108,wic_109,wic_110,wic_111,wic_112,wic_113,wic_114,wic_115,wic_116,wic_117,wic_118,wic_119,wic_120,wic_121,wic_122,wic_123,wic_124,wic_125,wic_126,wic_127,wic_128,wic_129,wic_130,wic_131,wic_132,wic_133,wic_134,wic_135,wic_136,wic_137,wic_138,wic_139,wic_140,wic_141,wic_142,wic_143,wic_144,wic_145,wic_146,wic_147,wic_148,wic_149,wic_150,wic_151,wic_152,wic_153,wic_154,wic_155,wic_156,wic_157,wic_158,wic_159,wic_160,wic_161,wic_162,wic_163,wic_164,wic_165,wic_166,wic_167,wic_168,wic_169,wic_170,wic_171,wic_172,wic_173,wic_174,wic_175,wic_176,wic_177,wic_178,wic_179,wic_180,wic_181,wic_182,wic_183,wic_184,wic_185,wic_186,wic_187,wic_188,wic_189,wic_190,wic_191,wic_192,wic_193,wic_194,wic_195,wic_196,wic_197,wic_198,wic_199,wic_200,wic_201,wic_202,wic_203,wic_204,wic_205,wic_206,wic_207,wic_208,wic_209,wic_210,wic_211,wic_212,wic_213,wic_214,wic_215,wic_216,wic_217,wic_218,wic_219,wic_220,wic_221,wic_222,wic_223,wic_224,wic_225,wic_226,wic_227,wic_228,wic_229,wic_230,wic_231,wic_232,wic_233,wic_234,wic_235,wic_236,wic_237,wic_238,wic_239,wic_240,wic_241,wic_242,wic_243,wic_244,wic_245,wic_246,wic_247,wic_248,wic_249,wic_250,wic_251,wic_252,wic_253,wic_254,wic_255,wic_256,wic_257,wic_258,wic_259,wic_260,wic_261,wic_262,wic_263,wic_264,wic_265,wic_266,wic_267,wic_268,wic_269,wic_270,wic_271,wic_272,wic_273,wic_274,wic_275,wic_276,wic_277,wic_278,wic_279,wic_280,wic_281,wic_282,wic_283,wic_284,wic_285,wic_286,wic_287,wic_288,wic_289,wic_290,wic_291,wic_292,wic_293,wic_294,wic_295,wic_296,wic_297,wic_298,wic_299,wic_300,wic_301,wic_302,wic_303,wic_304,wic_305,wic_306,wic_307,wic_308,wic_309,wic_310,wic_311,wic_312,wic_313,wic_314,wic_315,wic_316,wic_317,wic_318
roberta-base-10M-1_50,1,1,0,1,1,1,1,1,0,0,0,1,0,1,0,0,1,1,0,1,1,0,0,1,1,1,1,1,1,1,1,1,1,1,1,0,1,0,1,0,0,0,1,1,1,1,1,1,1,1,1,1,0,1,0,0,0,0,0,0,1,0,1,1,0,0,1,1,1,0,1,1,1,0,0,0,1,1,0,0,0,1,1,1,1,1,1,1,0,1,1,0,1,1,1,1,0,0,0,1,0,1,1,0,0,1,0,0,1,1,1,1,1,0,0,1,0,0,1,1,1,0,0,0,1,1,1,1,1,1,1,0,1,1,0,0,1,1,0,1,0,1,0,1,0,1,1,1,1,0,1,1,1,0,0,0,1,1,1,1,1,1,1,0,1,1,1,0,0,1,1,0,1,0,0,1,0,1,1,0,1,0,0,1,1,0,1,1,0,1,0,1,0,0,1,0,1,1,1,1,1,1,1,1,0,0,0,1,1,0,1,0,0,0,1,0,1,1,0,0,1,1,1,1,0,0,1,0,1,0,1,1,0,0,0,0,1,0,1,1,1,1,1,1,1,1,1,0,0,1,0,1,1,0,1,1,0,0,1,1,0,1,0,0,0,1,1,0,1,0,1,1,1,1,0,1,1,1,0,1,0,0,0,0,0,0,0,0,1,0,1,1,1,1,0,0,1,1,0,1,0,1,0,0,0,1,0,1,1,1,0,0,1,1,1,0,1,0,1
roberta-base-10M-1_25,0,1,0,1,1,1,1,1,0,0,0,0,0,1,0,0,1,0,1,1,0,0,0,1,0,1,1,1,1,1,1,1,1,1,1,0,1,0,1,0,0,0,1,0,1,1,1,1,1,1,1,1,1,1,0,1,1,0,0,0,1,0,1,1,0,1,1,1,0,0,1,1,1,1,0,0,0,1,0,1,0,1,1,1,1,1,1,1,0,1,1,0,1,0,1,1,0,1,0,1,1,0,1,0,0,1,0,0,1,1,0,1,1,0,0,1,0,0,0,1,1,0,0,0,1,1,1,1,0,0,1,0,0,1,0,1,1,0,0,1,1,1,1,0,0,1,1,1,1,0,1,0,1,0,0,0,1,1,1,1,1,1,1,0,1,0,1,0,0,1,1,0,1,1,0,1,1,1,1,0,1,0,0,1,1,0,1,1,0,1,0,0,1,1,1,1,1,1,1,1,1,1,1,1,0,0,0,1,1,0,1,0,0,0,0,1,0,1,0,0,1,0,1,1,1,0,1,0,1,0,1,1,0,0,0,0,1,0,1,0,1,1,1,1,0,1,0,0,1,0,0,1,1,1,1,1,0,1,1,1,0,1,1,0,0,0,1,0,0,0,1,1,1,1,0,1,1,1,1,1,0,1,0,0,1,0,1,0,0,0,1,0,1,1,1,0,1,1,1,1,1,1,0,0,0,1,0,1,1,1,1,0,1,1,1,1,0,0,1
roberta-base-10M-1_10,1,1,1,1,0,0,1,1,1,0,1,1,0,1,0,0,1,1,0,1,1,0,0,1,0,0,1,1,0,1,1,1,0,1,1,1,1,0,1,0,0,1,1,0,1,0,1,1,1,1,1,0,0,1,0,0,0,1,0,0,1,0,1,1,0,0,1,1,0,1,0,0,1,0,1,0,1,1,0,1,0,1,1,1,1,1,1,1,0,1,1,0,1,1,1,1,0,1,0,1,1,1,0,0,1,1,0,0,1,1,1,1,0,0,0,1,0,1,1,1,1,0,0,1,1,0,0,1,1,1,1,1,1,1,1,0,0,1,0,0,0,1,0,1,0,1,0,1,0,1,0,1,1,1,1,0,0,1,1,0,1,0,0,0,1,1,1,0,0,1,0,0,0,0,0,1,1,0,1,0,1,0,0,1,1,1,1,1,1,1,1,0,0,0,1,0,1,1,1,1,1,1,1,1,1,0,0,1,1,0,0,0,0,1,1,0,1,1,0,0,1,0,1,1,1,0,1,0,1,1,1,1,0,1,1,0,1,1,1,0,1,0,1,1,0,1,1,0,0,0,1,1,1,0,0,1,0,1,1,1,0,0,0,0,0,1,1,0,0,0,1,1,1,0,0,0,1,1,1,1,1,0,1,0,1,0,0,0,1,0,1,1,1,0,1,0,0,0,0,1,1,0,1,0,1,0,0,1,1,0,1,1,1,1,1,1,1,0,1
roberta-base-10M-1_1,0,0,0,1,0,0,1,1,0,1,0,1,0,1,0,0,1,1,0,1,0,0,0,1,0,1,0,1,1,0,1,1,0,1,1,1,0,0,1,1,0,0,1,0,0,1,0,1,1,1,1,0,0,1,0,0,0,1,1,1,1,0,1,0,0,0,1,1,1,1,0,1,1,1,1,1,1,1,0,1,1,1,1,1,1,1,1,1,0,1,1,0,0,1,0,0,0,0,0,1,0,1,0,0,0,0,1,0,1,0,0,1,1,0,0,0,0,1,1,0,1,0,1,0,1,1,0,0,0,0,0,1,0,0,1,0,0,1,1,1,1,1,1,1,0,1,1,1,0,1,1,1,0,1,1,0,0,0,0,0,1,0,0,1,0,1,1,0,1,0,1,1,1,1,0,1,0,0,1,0,0,0,1,0,1,1,0,1,0,0,0,0,0,0,1,1,1,1,1,1,1,1,1,0,1,0,0,0,0,0,0,0,0,0,0,0,0,1,0,1,1,1,1,1,0,1,0,0,1,1,1,1,1,0,0,1,0,0,1,1,0,1,1,1,0,1,0,0,0,1,1,1,0,1,0,1,0,0,1,1,0,1,0,0,0,1,1,0,0,0,1,1,1,0,0,0,0,1,1,0,0,0,1,0,1,0,1,0,0,1,1,0,1,1,1,0,1,0,1,1,1,0,0,0,1,0,0,1,1,0,1,1,1,1,0,1,1,0,1
roberta-base-10M-1_best,1,1,0,1,0,1,1,1,0,0,0,1,0,1,0,0,1,1,0,1,1,0,0,1,0,1,1,1,0,1,1,0,1,1,1,0,1,0,1,0,0,0,1,1,1,1,1,1,1,1,1,0,0,1,0,0,0,1,0,0,1,0,1,1,0,0,1,1,0,0,1,0,1,0,1,0,0,1,0,0,1,1,1,1,1,1,1,1,0,1,1,0,1,1,1,1,0,0,0,1,1,1,0,0,1,0,0,0,1,1,1,1,1,0,0,1,0,0,1,1,1,0,0,1,1,1,0,1,1,1,1,0,1,1,1,0,0,1,0,1,0,1,1,0,0,1,0,1,1,0,1,1,1,1,0,0,0,1,1,1,1,1,0,0,1,1,1,0,0,1,0,0,0,0,0,1,0,0,1,0,1,0,0,1,1,1,0,1,0,1,1,0,1,0,1,0,0,1,1,1,1,1,0,1,0,0,0,1,1,0,0,0,0,1,1,0,1,1,0,1,1,1,1,1,1,0,1,0,1,0,1,1,0,0,1,0,1,0,1,1,1,1,1,1,0,1,1,0,0,1,1,1,1,0,1,1,0,0,1,1,0,0,0,0,0,1,1,0,0,0,1,1,1,1,0,1,1,1,1,1,1,0,0,0,0,0,1,0,1,0,1,1,1,0,1,0,1,1,0,1,1,1,0,0,0,0,0,1,1,1,0,0,1,1,1,0,1,0,1
roberta-med-small-1M-3_50,1,1,0,1,0,1,0,1,1,0,0,1,0,1,0,0,1,0,0,0,0,1,0,1,1,1,1,1,1,1,0,1,1,1,0,0,1,0,1,0,1,0,0,1,0,0,1,1,1,1,1,0,1,1,0,1,0,1,0,0,1,0,1,0,0,1,1,0,0,0,1,1,1,0,0,0,1,1,0,1,0,1,1,1,1,0,1,0,0,0,1,0,1,1,1,0,0,0,0,1,0,1,1,0,0,1,0,1,1,1,0,1,1,1,0,1,0,0,0,1,1,0,0,0,1,0,1,1,1,1,0,0,0,1,0,1,0,1,0,1,0,1,1,0,1,0,1,1,0,1,1,1,1,0,0,1,1,1,1,1,1,1,1,0,1,0,0,1,1,1,0,0,0,0,0,1,0,1,1,0,1,0,0,1,1,1,1,1,0,1,0,1,1,1,1,0,1,1,1,1,1,1,1,0,0,0,0,1,1,0,0,1,0,0,1,0,0,0,0,1,1,1,0,1,0,0,1,0,1,1,1,1,0,0,0,1,1,0,1,0,1,1,0,1,1,0,1,0,0,1,1,1,1,1,0,1,0,0,1,1,1,1,1,0,0,0,1,0,0,0,0,1,0,0,1,1,1,1,1,0,1,0,0,0,0,0,0,1,0,1,0,0,1,1,1,0,1,1,1,0,1,1,0,0,1,1,0,1,1,0,0,0,0,1,1,1,0,0,1
roberta-med-small-1M-3_25,1,1,0,1,0,1,1,1,1,0,0,0,1,1,0,0,1,0,0,1,0,0,0,1,1,1,0,0,0,1,0,1,1,1,1,1,1,0,1,1,1,0,0,0,0,0,1,1,1,0,1,0,1,1,0,1,0,1,1,0,1,0,1,1,0,1,0,0,0,0,1,0,1,1,0,1,1,1,0,0,0,1,0,0,0,0,1,0,0,0,1,0,1,0,1,0,0,0,0,1,1,1,0,0,0,1,0,1,1,1,1,1,1,0,0,1,0,0,1,1,1,0,0,0,0,0,1,1,1,1,0,0,0,1,0,1,0,1,0,1,0,1,1,0,0,1,0,1,0,1,1,0,1,0,0,0,1,1,1,0,1,0,1,0,1,0,0,1,1,1,0,1,0,1,0,0,0,1,1,0,1,0,0,1,1,1,1,1,0,1,0,1,1,1,1,0,1,1,1,1,1,1,1,0,0,0,0,1,1,0,0,1,0,1,1,0,0,0,1,0,1,1,0,1,0,0,1,0,1,1,1,1,0,0,0,0,1,0,1,0,1,1,1,1,1,0,1,0,0,0,1,1,1,0,0,1,0,0,1,1,1,1,1,0,0,0,1,0,0,0,1,1,1,0,0,1,1,0,1,0,1,0,0,1,0,0,0,0,0,1,0,1,1,1,1,0,1,1,1,0,1,1,0,0,1,1,0,1,1,0,1,1,0,1,0,1,1,0,1
roberta-med-small-1M-3_10,1,1,0,1,0,1,1,1,0,0,0,0,1,1,0,0,1,1,0,1,0,1,0,1,1,0,1,0,1,1,0,1,1,1,1,1,1,0,1,1,1,1,0,0,0,0,1,0,1,0,1,0,1,1,0,1,0,1,0,0,1,0,1,1,0,0,1,0,0,1,0,0,1,1,0,1,1,1,1,1,0,1,1,1,0,0,1,0,0,0,1,0,1,0,1,0,0,0,0,1,1,0,1,0,0,1,0,1,1,1,1,1,1,0,1,1,0,0,1,0,1,0,0,0,0,0,1,1,1,1,0,0,1,1,0,1,0,1,0,1,0,1,1,0,1,1,0,1,0,1,1,0,1,0,0,0,0,1,1,0,1,0,1,0,1,1,1,0,0,1,0,0,0,0,0,1,0,1,1,0,0,0,0,1,1,1,1,1,0,0,0,1,1,0,1,0,0,1,1,1,1,1,1,0,0,1,0,1,1,0,0,0,0,1,1,0,0,0,0,1,1,1,0,1,0,0,1,1,1,1,1,1,0,1,1,0,1,0,1,1,1,1,0,1,0,0,1,0,0,1,1,1,1,0,1,1,0,0,1,0,1,1,0,1,0,1,1,0,0,0,1,1,0,0,0,1,1,0,1,0,1,0,1,0,0,1,0,0,0,1,1,1,1,1,1,0,1,1,1,1,1,1,1,0,1,1,0,1,1,0,0,1,0,1,0,1,1,0,1
roberta-med-small-1M-3_1,1,0,1,1,1,1,0,1,0,0,0,0,1,0,0,0,0,1,0,0,0,0,0,0,0,0,1,0,1,1,0,1,0,1,1,1,0,0,1,0,1,0,0,0,0,0,1,1,0,1,1,0,1,0,0,1,0,1,1,0,0,1,0,0,0,0,0,0,0,1,1,1,0,1,0,1,1,1,0,0,0,1,1,1,0,1,1,0,1,1,1,0,1,0,0,0,1,0,1,1,0,0,0,0,0,1,0,1,0,1,0,1,1,0,0,1,0,0,0,0,0,0,1,1,1,0,0,0,1,0,0,0,1,0,0,1,0,0,1,1,0,0,1,0,0,1,0,0,0,0,1,0,1,0,0,1,1,1,0,1,0,1,1,1,1,1,0,0,0,1,1,1,1,1,1,0,0,1,0,0,0,0,0,1,1,1,1,0,0,0,1,0,0,1,1,0,0,1,1,0,0,1,1,0,1,1,0,0,1,0,0,1,0,1,0,0,1,1,1,1,1,1,0,1,0,0,1,0,1,0,1,1,0,0,1,0,1,0,1,0,1,1,0,0,0,1,0,0,0,0,1,1,1,0,0,1,0,1,1,1,1,0,1,0,1,0,0,1,0,1,1,1,1,0,0,0,0,1,1,0,1,0,0,0,0,0,1,0,0,0,0,1,1,1,1,1,1,1,0,1,1,1,0,0,0,1,1,0,0,0,0,1,0,1,1,1,1,0,0
roberta-med-small-1M-3_best,1,1,0,1,1,1,1,1,1,0,0,1,0,1,0,0,1,0,0,0,0,1,0,1,1,0,0,0,1,1,0,1,1,1,1,0,1,0,1,1,1,0,0,1,0,0,1,0,1,1,1,0,1,1,0,0,0,1,0,0,1,0,1,0,0,0,1,0,0,0,0,0,1,1,0,1,1,1,0,1,0,1,1,1,1,0,1,0,0,0,1,0,1,0,1,0,0,0,0,1,0,1,1,0,0,1,0,1,1,1,1,0,1,0,0,1,0,0,0,1,1,0,1,0,1,0,1,1,1,1,0,0,0,0,1,0,0,1,0,1,0,1,1,0,1,0,1,1,0,1,1,1,1,0,0,0,0,1,1,1,1,1,1,0,1,0,0,1,0,1,0,0,0,0,0,1,0,1,1,0,1,0,0,1,1,1,1,1,0,1,0,1,1,1,1,0,0,1,1,1,1,1,1,0,1,1,0,1,1,0,0,1,0,0,1,0,0,0,0,1,1,1,0,1,0,0,1,0,0,1,1,1,0,0,1,1,1,0,1,1,1,1,0,1,0,0,1,0,0,1,1,1,1,0,0,1,0,0,1,1,0,1,0,0,0,0,1,0,0,0,1,1,1,0,1,1,1,1,1,0,1,0,0,0,0,0,0,0,0,1,0,0,1,1,1,0,1,1,1,1,1,1,0,0,1,0,0,1,1,0,0,1,0,1,1,1,1,0,1
roberta-base-100M-1_50,1,1,0,1,1,1,1,1,1,1,0,1,0,1,0,1,0,1,1,1,0,0,1,0,1,1,1,1,1,1,0,1,1,1,0,0,1,0,1,0,0,1,1,0,1,1,1,1,1,1,1,1,1,1,0,1,1,0,0,0,1,1,1,0,1,1,1,1,0,1,0,1,1,0,0,0,0,1,0,1,0,1,0,1,1,1,1,1,1,0,1,0,0,0,1,1,0,1,1,1,0,0,1,0,0,1,0,0,1,1,0,1,1,0,0,1,0,0,0,1,1,0,0,0,1,1,1,1,0,1,1,0,1,1,0,1,1,0,0,1,1,1,0,0,1,1,0,1,1,0,1,1,1,0,0,1,1,1,1,1,1,1,1,0,1,0,0,0,1,1,1,1,1,1,1,1,1,1,1,1,0,1,1,1,1,1,1,1,0,0,0,1,1,1,1,1,1,1,1,0,1,1,1,1,0,0,0,1,1,0,1,1,0,0,0,1,0,1,0,0,1,0,0,1,1,1,1,0,1,0,1,0,0,0,0,0,0,0,1,0,1,1,1,1,0,1,1,1,1,1,1,0,1,1,1,1,1,1,1,1,0,1,0,0,0,0,1,0,0,1,0,1,0,1,1,1,1,1,0,0,0,1,0,1,1,0,1,1,1,0,1,1,0,1,1,1,1,1,1,0,1,1,0,0,1,1,1,1,1,1,0,1,0,1,1,1,1,1,1
roberta-base-100M-1_25,0,1,0,1,1,1,1,1,1,1,0,1,0,1,0,1,1,1,1,1,0,0,1,1,1,1,1,1,1,1,0,1,1,1,0,1,1,0,1,0,0,1,0,0,1,1,1,1,1,1,1,1,1,1,0,1,0,0,1,0,1,1,1,0,1,1,1,1,0,1,1,0,1,0,0,0,0,1,1,1,0,1,1,1,1,1,1,1,1,1,1,0,0,0,1,1,0,1,1,1,1,1,0,0,0,1,0,1,1,1,1,1,1,0,0,1,0,0,0,1,1,0,0,0,1,0,0,1,1,1,1,0,1,1,1,1,1,1,0,0,0,1,0,0,1,1,0,1,1,1,1,1,1,0,0,0,1,1,1,1,1,1,1,0,1,1,1,0,1,1,1,0,1,1,1,1,1,1,1,1,1,1,0,1,1,1,1,1,0,1,1,1,1,1,1,0,1,1,1,1,1,1,1,1,0,0,0,1,1,0,0,1,0,0,0,1,0,1,0,1,1,1,0,1,1,0,1,1,1,0,1,0,0,0,0,0,0,1,1,0,1,1,1,1,0,1,1,0,1,1,1,1,1,0,0,1,1,0,1,1,0,1,0,0,0,1,0,0,1,1,0,1,0,1,0,1,1,1,1,0,1,1,1,1,0,0,1,1,1,0,1,1,0,1,1,1,1,1,0,0,1,1,1,1,1,1,0,1,1,1,0,1,0,1,1,1,1,0,1
roberta-base-100M-1_10,0,1,0,1,0,1,1,1,0,0,1,1,0,1,0,0,0,1,1,1,0,0,1,1,1,1,1,1,1,0,0,1,1,1,0,1,1,0,1,0,0,1,1,0,0,1,1,1,1,1,1,1,1,1,0,1,0,1,1,0,1,0,1,1,0,1,1,1,0,1,1,0,1,0,0,0,0,1,1,1,0,1,1,1,1,1,1,1,1,1,1,0,0,1,1,1,0,1,1,1,0,0,0,0,0,1,0,1,1,1,1,1,1,0,0,1,0,0,0,1,1,0,0,0,1,0,1,1,0,1,1,0,1,1,1,1,1,1,0,0,0,1,0,1,1,1,0,1,1,1,1,0,1,0,0,0,0,1,1,1,1,1,1,0,1,1,1,0,1,1,0,0,1,0,0,1,1,1,1,0,1,1,0,1,1,1,1,1,0,0,1,1,1,1,1,0,1,1,1,1,1,1,1,1,0,0,0,1,1,0,0,0,0,1,0,1,1,1,0,0,1,1,0,1,1,0,1,0,1,1,1,1,0,0,0,0,0,1,1,0,1,1,1,1,0,1,1,0,1,1,1,1,1,0,1,1,1,0,1,1,0,1,0,0,0,0,0,0,1,1,0,1,1,1,0,1,1,1,0,1,1,1,0,1,0,0,0,0,1,0,1,1,0,1,1,0,1,1,1,0,1,1,1,0,1,1,0,1,1,1,1,1,0,1,1,1,1,0,1
roberta-base-100M-1_1,0,1,1,1,1,1,1,1,1,1,0,0,0,1,0,1,0,0,1,0,0,1,0,1,1,0,0,0,1,1,1,1,1,0,0,0,0,0,1,1,1,1,0,0,0,0,1,1,1,1,0,1,0,1,0,0,0,1,1,1,0,0,1,0,0,1,1,0,0,1,1,0,1,0,0,0,1,1,0,1,0,1,1,1,0,0,1,0,0,1,1,0,0,1,1,1,0,0,0,1,0,0,1,0,1,1,0,1,0,1,0,0,0,0,0,1,0,0,1,1,1,0,0,1,1,1,1,0,1,1,1,0,1,0,1,1,0,1,0,1,0,0,1,1,1,1,0,1,1,1,1,0,1,0,0,1,0,1,1,1,0,1,0,0,1,1,1,0,1,1,0,1,1,0,1,0,1,1,1,0,1,1,0,1,0,0,1,1,0,0,1,1,1,1,0,0,1,1,1,1,1,1,1,1,1,0,0,0,1,1,0,0,1,1,0,1,1,1,0,0,1,1,0,1,1,1,1,1,1,0,0,0,1,1,0,0,1,0,1,1,1,1,1,1,0,1,0,0,1,1,0,1,0,0,1,1,1,1,1,1,0,1,0,0,0,0,0,0,1,1,0,1,1,1,0,0,1,1,0,1,1,1,1,0,0,0,0,0,1,0,1,0,0,1,1,0,1,0,1,0,0,0,1,0,1,1,0,0,1,0,1,1,0,1,1,0,1,0,1
roberta-base-100M-1_best,1,1,0,1,0,1,1,1,1,1,0,1,0,1,0,0,1,1,0,1,1,0,1,1,0,1,1,1,1,0,0,1,1,1,0,1,1,1,1,0,1,1,0,0,0,1,1,0,1,1,1,0,1,1,0,1,0,1,1,1,1,1,1,1,0,1,1,1,0,1,1,0,1,0,1,0,0,1,1,1,1,1,0,1,1,1,1,1,0,1,1,0,0,1,1,1,0,1,0,1,1,1,0,0,0,1,0,1,1,1,1,1,1,0,0,1,0,0,0,0,1,0,0,1,1,0,0,1,1,1,1,1,1,1,1,1,1,1,0,0,0,1,0,1,1,1,0,1,1,1,1,1,1,0,0,0,0,1,1,1,1,1,1,0,1,1,1,0,0,1,1,0,1,0,1,0,0,1,1,0,1,1,0,1,1,1,1,1,0,1,1,1,1,1,1,0,0,1,1,1,1,1,1,1,0,0,0,1,1,0,0,1,0,0,0,0,0,1,0,1,1,1,1,1,1,0,1,0,1,1,1,1,0,0,0,0,1,1,1,0,1,1,1,1,0,1,1,0,1,1,1,1,1,0,0,1,1,0,1,1,1,1,0,0,0,0,0,0,1,1,0,1,1,0,0,0,1,1,1,1,1,1,1,1,0,1,1,0,1,0,1,1,0,1,1,0,1,1,0,0,0,1,1,1,1,1,0,1,1,1,0,1,0,1,1,1,1,0,1
roberta-base-100M-2_50,1,1,0,1,1,1,1,1,1,1,0,1,0,1,0,1,1,0,0,1,0,0,1,1,1,0,1,1,1,1,0,1,1,1,1,1,1,0,1,0,0,0,0,1,1,1,1,1,1,1,1,1,1,1,0,1,1,1,1,0,1,1,1,1,1,1,1,1,0,0,1,0,1,0,0,0,0,1,0,1,0,1,0,1,1,0,0,1,0,0,1,0,0,0,1,1,0,1,0,1,1,1,0,0,1,1,0,0,0,1,1,1,1,1,0,1,0,0,0,1,1,1,0,0,1,1,1,1,0,1,1,0,0,1,0,1,1,0,0,1,0,1,0,0,1,1,0,1,1,0,1,0,1,0,0,1,1,1,1,1,1,0,1,0,1,1,1,0,1,1,1,0,1,1,0,1,1,1,1,1,1,1,0,1,1,0,1,1,1,0,0,1,1,1,1,1,1,1,1,1,0,1,1,1,0,0,0,1,1,0,0,1,0,0,0,1,0,1,0,0,1,0,1,1,1,1,1,0,1,1,1,0,0,0,0,0,0,0,1,1,1,0,1,1,0,0,1,1,1,1,1,1,1,1,0,1,0,0,1,1,0,1,0,0,0,0,0,0,1,1,1,1,1,0,0,1,1,1,1,1,0,1,0,1,0,0,1,0,0,0,1,1,0,1,0,0,1,1,1,0,1,1,0,1,1,1,0,1,1,1,1,1,1,1,1,1,0,0,1
roberta-base-100M-2_25,1,1,0,1,1,1,1,1,1,0,0,1,0,1,0,1,1,0,1,1,0,0,0,1,1,0,1,1,1,1,0,0,1,0,1,1,1,1,1,0,0,0,0,1,1,1,1,1,1,1,1,1,1,1,0,1,1,0,0,0,1,1,1,0,0,1,1,1,0,0,1,0,1,0,0,1,0,1,0,1,1,1,0,1,1,1,0,1,1,0,1,0,0,0,1,1,0,1,1,1,1,1,0,0,1,1,0,0,0,1,1,1,1,0,1,1,0,0,0,1,1,0,0,0,1,1,1,1,0,1,1,0,1,1,1,1,1,0,0,1,0,1,0,0,1,1,0,1,1,0,1,1,1,0,0,0,1,1,1,1,1,1,1,0,1,1,1,0,0,1,1,0,0,1,1,1,1,0,1,0,1,0,1,1,1,0,1,1,1,0,0,1,1,1,1,1,1,1,1,1,0,1,1,1,0,0,0,1,1,1,1,1,0,0,0,1,0,1,0,0,1,0,1,1,1,1,1,0,1,0,1,1,0,0,0,0,0,0,0,0,1,1,1,1,0,1,1,1,1,1,1,1,1,0,1,1,0,0,1,1,1,1,0,0,0,0,1,0,0,1,1,1,1,0,0,1,1,1,0,0,0,1,0,0,1,0,1,1,1,0,1,1,0,1,0,0,1,1,0,0,1,1,1,1,1,1,1,1,1,1,0,1,1,1,1,1,0,0,1
roberta-base-100M-2_10,1,1,0,1,1,1,1,1,1,0,0,1,0,1,0,1,1,1,1,1,0,0,1,1,1,1,1,1,1,1,1,1,1,1,1,1,1,0,1,0,0,1,1,1,1,1,1,1,1,1,1,1,1,1,0,1,0,1,0,1,1,0,1,1,0,1,1,1,0,1,1,0,1,0,0,0,0,1,1,1,1,1,0,1,1,0,1,1,0,0,1,0,0,1,1,1,0,1,0,1,1,0,0,0,1,1,0,0,1,1,1,1,1,0,0,1,0,0,0,1,1,0,0,0,1,0,0,1,0,1,1,0,1,1,1,1,0,1,0,1,0,1,0,1,1,1,0,1,1,0,1,1,1,0,0,0,1,1,1,1,1,0,0,0,1,1,0,0,0,1,1,1,0,1,0,1,1,1,1,1,1,0,0,0,1,1,1,1,0,1,0,1,1,0,1,0,1,1,1,1,0,1,1,1,0,0,0,1,1,1,0,1,0,0,1,0,1,1,0,0,1,1,1,1,1,1,1,1,1,1,1,1,0,0,0,0,1,0,1,0,1,1,0,1,0,1,1,1,1,0,1,0,1,1,1,1,1,0,1,0,1,1,0,1,0,1,0,0,1,1,1,1,1,1,0,1,1,1,0,1,1,1,0,1,0,0,1,0,1,0,1,1,0,1,0,0,1,1,1,0,0,1,1,1,1,0,0,1,1,1,1,1,0,1,1,1,1,0,1
roberta-base-100M-2_1,0,1,1,1,0,1,1,1,0,0,1,0,1,1,0,1,0,0,0,1,0,0,1,1,0,0,1,0,0,0,1,1,1,1,1,1,1,0,0,1,0,0,1,0,0,0,1,1,1,1,1,1,0,1,1,0,0,1,1,1,0,0,1,1,0,1,0,1,1,1,0,0,1,0,0,1,0,1,0,1,0,0,1,1,0,1,0,0,0,1,0,0,0,1,1,0,1,0,0,1,0,0,1,0,1,0,0,1,1,1,0,0,1,0,0,1,0,0,0,0,0,1,0,1,0,0,0,0,0,1,1,0,1,1,1,0,0,1,0,1,0,1,1,1,1,1,0,0,1,0,1,1,0,1,0,1,1,0,0,1,1,0,0,0,0,1,0,1,1,1,0,1,0,1,1,0,1,1,0,0,1,0,0,1,1,0,1,0,0,0,0,1,1,0,1,0,1,1,1,1,0,1,1,1,1,0,1,0,1,1,1,0,1,1,0,1,1,1,0,0,1,1,1,1,1,1,0,1,0,0,0,0,1,1,0,1,1,0,1,0,1,1,0,1,1,1,0,0,0,1,0,1,1,0,1,1,1,0,1,0,1,1,0,0,0,1,0,0,0,1,0,1,1,1,0,1,1,0,0,1,1,0,1,0,0,0,1,0,1,0,1,0,1,1,0,0,1,0,1,1,0,0,1,1,1,0,0,0,0,1,1,1,0,0,1,1,1,1,0
roberta-base-100M-2_best,1,1,0,1,0,1,1,1,0,0,0,1,0,1,0,1,1,0,0,1,1,0,1,1,0,0,1,0,1,1,0,1,1,1,1,1,1,1,1,0,0,0,0,0,1,1,1,1,1,1,1,0,1,1,0,1,0,1,1,1,0,1,1,1,0,1,1,1,1,1,1,0,1,1,1,1,0,1,1,1,1,1,0,1,1,1,1,1,0,1,1,0,0,0,1,1,0,1,0,1,1,1,0,0,1,0,1,1,1,1,1,1,1,0,0,1,0,0,0,1,1,1,0,1,1,1,0,1,1,1,1,1,1,1,1,1,0,1,0,0,0,1,0,1,0,1,0,1,1,1,1,1,1,0,0,0,0,1,1,1,1,0,1,0,1,1,1,0,0,1,0,0,0,1,0,1,1,1,1,0,1,1,0,1,1,1,1,1,1,1,1,1,0,0,1,0,1,1,1,1,1,1,1,1,0,1,0,1,1,0,0,1,0,0,1,0,1,1,0,0,1,1,1,1,1,1,1,1,1,1,1,1,1,0,0,1,1,0,1,1,1,0,0,1,1,1,1,0,1,1,1,1,1,0,0,1,0,0,1,1,1,1,0,1,1,1,1,0,1,1,1,1,1,0,0,1,1,1,1,1,1,1,0,0,0,1,0,0,1,0,1,1,0,1,0,0,1,1,0,1,0,1,1,1,1,1,0,1,1,1,0,1,1,1,0,1,1,0,1
roberta-base-1B-3_50,0,1,0,1,1,1,1,1,1,1,0,1,1,1,0,0,1,1,0,1,0,0,1,1,1,1,1,1,1,0,0,1,1,1,0,0,1,1,1,0,0,1,1,1,1,1,1,1,1,1,1,0,1,1,0,1,0,1,0,1,1,1,1,1,0,1,1,1,0,0,1,1,1,0,0,0,0,1,0,1,0,1,1,1,1,0,1,1,1,1,1,0,0,1,1,1,0,1,1,1,0,0,1,0,1,1,0,1,1,1,1,1,1,0,0,1,0,0,0,1,1,0,0,0,1,0,1,1,1,1,1,0,1,1,0,1,1,0,0,1,0,1,0,0,1,1,0,1,1,1,1,0,1,0,0,0,0,1,1,1,1,1,1,0,1,1,0,0,1,1,0,0,0,1,1,1,1,1,1,0,1,1,0,1,1,1,1,1,0,0,0,1,1,1,0,1,1,1,1,1,1,1,1,1,0,0,0,1,1,0,1,0,0,0,1,0,0,1,0,1,1,1,1,1,1,1,1,0,1,0,1,1,0,0,0,0,1,0,1,0,1,1,1,1,0,1,1,1,1,1,1,1,1,1,0,1,0,0,1,1,0,0,1,0,0,1,1,0,1,1,0,1,1,1,1,1,1,1,0,1,0,1,1,1,0,0,1,1,1,0,1,1,1,1,1,0,1,1,1,0,0,1,1,0,1,1,1,1,1,1,1,0,0,1,1,1,0,0,1
roberta-base-1B-3_25,1,1,0,1,1,1,1,1,1,1,1,1,0,1,0,0,1,0,1,1,0,0,1,1,1,1,1,1,1,0,0,1,1,1,0,0,1,1,1,0,0,1,1,0,1,1,1,1,1,1,1,1,1,1,0,1,0,0,0,1,1,1,1,1,0,1,1,1,0,0,1,1,1,0,1,0,0,1,0,1,0,1,0,1,1,0,1,0,1,1,1,0,0,1,1,1,0,1,1,1,0,1,1,0,1,1,0,1,1,1,1,1,1,1,0,1,0,0,0,0,1,0,0,0,1,0,1,1,1,1,1,0,1,1,0,1,1,1,0,1,1,1,0,0,1,1,0,1,1,1,1,0,1,0,0,0,1,1,1,1,1,1,1,0,1,0,0,0,0,1,1,1,0,1,1,1,1,1,1,1,1,0,1,1,1,1,1,1,0,0,0,1,1,1,1,1,1,1,1,1,1,1,1,1,0,1,0,1,1,0,1,1,0,0,0,0,0,1,0,1,1,1,1,1,1,0,1,0,1,1,1,0,0,0,0,0,0,0,1,0,1,1,1,1,0,1,1,1,1,0,1,0,1,1,0,1,0,0,1,1,0,0,1,0,0,0,1,0,1,1,0,1,1,1,0,1,1,1,0,0,1,1,1,1,1,0,1,1,1,0,1,1,0,1,1,0,1,1,0,0,0,1,1,1,1,1,1,1,1,1,1,0,0,1,1,1,0,0,1
roberta-base-1B-3_10,1,1,0,1,1,1,1,1,1,1,1,1,0,1,0,0,1,1,1,1,0,0,1,0,1,1,1,1,1,0,0,1,1,1,1,1,1,1,1,0,0,1,1,1,1,1,1,1,1,1,1,0,1,1,0,1,0,1,0,0,1,1,1,1,0,1,1,1,0,0,1,0,1,0,1,0,0,1,1,1,0,1,1,1,1,1,1,0,1,1,1,0,0,1,1,1,0,1,1,1,1,1,0,0,1,1,0,0,1,0,1,1,1,1,0,1,0,0,0,1,1,1,0,0,1,0,1,1,1,1,1,0,1,0,0,1,1,1,0,1,0,1,0,0,1,1,0,1,1,1,1,1,1,0,0,0,1,1,1,1,0,0,1,0,1,0,1,0,0,1,0,0,0,1,0,0,1,1,1,1,1,1,1,1,1,1,1,1,0,0,0,1,1,1,1,0,0,1,1,1,1,1,1,1,0,1,0,1,1,0,0,0,0,0,1,1,1,1,0,1,1,1,1,1,1,0,1,0,1,1,1,0,0,1,1,0,1,0,1,0,1,1,1,1,1,1,1,1,1,0,1,0,1,1,1,1,0,1,1,1,0,0,0,0,0,1,1,0,1,1,1,1,1,1,0,1,1,1,0,1,1,1,1,1,0,1,1,0,1,0,1,1,1,1,1,0,1,1,1,0,0,1,1,1,1,1,1,1,1,1,0,1,0,1,1,1,1,0,1
roberta-base-1B-3_1,1,0,1,1,1,0,1,1,0,1,1,1,0,1,0,0,1,0,0,1,1,0,1,1,1,0,1,0,1,0,1,0,0,1,0,1,1,0,0,0,0,0,1,0,0,1,1,1,0,1,0,0,1,1,1,1,0,1,1,1,1,1,1,1,0,0,1,1,0,1,1,0,1,1,0,1,0,1,0,1,0,1,1,1,1,1,1,0,0,0,1,0,0,1,1,1,0,1,1,1,1,1,0,1,1,0,0,1,1,1,1,1,0,0,1,1,0,0,1,0,1,0,0,1,1,0,1,0,0,1,1,1,1,0,1,1,0,1,0,0,0,1,0,1,1,1,0,0,0,1,1,1,1,0,0,1,1,0,1,1,0,1,0,1,0,1,0,0,1,1,0,1,0,1,1,0,0,1,1,1,1,0,0,1,1,0,1,1,0,0,1,1,1,0,0,0,0,0,1,1,1,0,1,1,0,0,0,0,1,1,0,0,1,1,0,1,1,1,1,1,1,1,1,1,0,0,0,1,1,0,1,0,1,1,0,0,1,0,0,0,0,1,1,1,1,1,0,0,1,0,0,0,1,0,0,1,1,1,0,1,0,0,1,1,0,1,0,0,1,1,0,1,0,0,0,1,0,1,1,1,1,0,1,1,0,0,1,1,1,1,1,1,1,1,1,1,0,0,1,0,1,0,1,1,1,0,1,1,1,0,1,1,1,0,0,1,1,1,1
roberta-base-1B-3_best,1,1,0,1,0,1,1,1,1,1,1,1,1,1,0,0,1,1,0,1,0,0,1,1,1,1,1,1,1,0,1,1,1,1,1,0,1,1,1,0,0,1,1,0,0,1,1,1,1,1,1,0,1,1,0,1,0,1,0,1,1,1,1,1,0,1,1,1,0,0,1,1,1,1,1,0,0,1,0,1,1,1,0,1,1,1,1,1,1,1,1,0,0,1,1,1,0,1,1,1,1,1,0,0,1,1,0,1,1,1,1,1,1,0,0,1,0,0,0,1,1,1,0,0,1,0,1,1,1,1,1,0,1,1,0,1,1,1,0,1,0,1,0,0,1,1,0,1,1,1,1,0,1,0,0,0,0,1,1,1,0,1,1,0,1,1,1,0,0,1,0,0,0,1,0,0,1,1,1,0,1,1,0,1,1,1,1,1,1,1,0,1,0,1,1,1,0,1,1,1,1,1,0,1,0,0,0,1,1,0,0,0,0,0,1,0,0,1,0,1,1,1,1,1,1,0,1,0,1,1,1,1,0,0,1,0,1,1,1,0,1,1,1,1,1,1,1,1,1,1,1,1,1,1,0,1,0,0,1,1,0,0,1,0,1,1,0,0,1,1,1,1,1,1,1,1,1,1,1,1,0,1,1,1,0,0,1,0,1,0,1,1,1,1,1,0,1,1,0,0,0,1,1,1,1,0,1,1,1,1,0,1,0,1,1,1,0,0,1
roberta-base-1B-2_50,1,1,0,1,1,1,1,1,1,0,0,1,0,1,0,1,1,1,1,1,0,0,1,1,1,1,1,1,1,1,0,1,1,1,1,0,1,0,1,0,0,1,0,1,1,1,1,1,1,1,1,1,1,0,0,1,0,1,0,0,1,0,1,0,0,1,1,1,0,0,1,1,1,1,1,0,0,1,0,1,1,1,0,1,1,1,0,0,1,0,1,0,0,0,1,1,0,1,1,1,0,1,0,0,0,1,0,1,1,1,1,1,1,0,0,1,0,0,0,0,1,0,0,0,1,1,1,1,1,1,0,0,1,1,0,1,1,0,0,1,0,1,1,0,1,1,1,1,1,1,1,1,1,0,0,0,1,1,1,1,1,1,1,0,1,0,1,0,1,1,0,0,1,0,1,1,1,1,1,1,1,0,1,1,1,1,1,1,1,0,0,1,1,1,1,1,0,1,1,1,0,1,1,1,0,0,0,1,1,0,0,1,0,0,0,0,0,1,0,1,1,1,1,1,1,0,1,0,1,0,1,1,0,0,0,0,0,0,0,0,1,1,1,1,0,1,1,0,1,1,0,0,1,1,0,1,0,0,1,1,0,1,0,0,0,0,1,0,1,1,0,1,1,1,1,1,1,1,1,0,1,1,0,1,0,0,1,0,1,0,1,0,0,1,1,0,1,1,0,0,1,1,1,1,1,0,1,1,1,1,0,0,0,1,1,1,0,1,1
roberta-base-1B-2_25,1,1,0,1,1,1,1,1,1,0,1,1,0,1,0,1,1,1,1,1,0,0,1,1,0,1,1,1,1,1,0,0,1,1,1,0,1,0,1,0,0,1,0,1,1,1,1,1,1,1,1,1,1,1,0,1,0,1,0,0,1,0,1,0,0,1,1,1,0,1,1,1,1,0,1,0,0,1,0,1,1,1,0,1,1,1,0,1,0,0,1,0,0,1,1,1,0,1,1,1,0,1,0,1,0,1,0,1,1,1,1,1,1,0,0,1,0,0,0,0,1,0,0,0,1,0,1,1,1,1,1,0,1,1,0,1,1,0,0,1,0,1,0,0,1,1,0,1,1,1,1,1,1,0,0,0,1,1,1,1,1,1,0,0,1,1,1,0,1,1,0,0,1,1,1,1,1,1,1,1,1,0,0,1,1,1,1,1,1,0,0,1,1,1,1,1,1,1,1,0,1,1,1,1,0,0,0,1,1,1,0,1,0,0,0,0,1,1,0,1,1,0,1,1,1,0,1,1,1,0,1,1,0,0,0,0,0,0,1,0,1,1,1,1,1,1,1,0,1,1,0,0,1,1,0,1,1,0,1,1,0,1,0,0,0,1,1,0,0,1,0,1,1,1,1,1,0,0,1,1,0,1,1,1,1,0,1,0,0,0,1,1,0,1,1,0,1,1,1,0,1,1,1,1,1,1,0,1,1,1,1,1,0,1,1,1,0,0,1
roberta-base-1B-2_10,1,1,0,1,1,1,1,1,0,0,1,0,0,1,0,1,1,1,1,1,0,0,1,1,1,1,1,1,1,1,0,1,1,1,0,1,1,0,1,0,0,1,1,0,1,1,1,1,1,1,1,1,1,1,0,1,0,1,0,0,1,0,1,1,0,1,1,1,0,1,1,0,1,0,1,0,0,1,0,1,1,1,0,1,1,0,1,1,0,0,1,0,0,0,1,1,0,1,0,1,0,1,0,0,1,1,0,0,1,1,1,1,1,0,0,1,0,0,0,1,1,0,0,1,1,0,1,1,1,1,0,0,1,1,0,1,1,1,0,1,0,1,0,0,1,1,0,1,1,1,1,1,1,0,0,1,1,1,1,1,1,1,0,0,1,1,1,0,1,1,0,0,0,0,1,1,1,1,1,1,0,0,0,1,1,1,1,1,0,1,0,1,1,1,1,0,1,1,1,1,0,1,1,1,0,0,0,1,1,1,0,0,0,0,0,0,1,1,0,1,1,1,1,1,1,0,1,1,1,1,1,1,0,1,0,0,0,0,0,0,1,1,1,1,1,1,1,0,1,1,0,0,1,1,0,1,1,1,1,1,0,1,0,0,0,1,1,0,1,0,1,1,0,1,0,1,1,0,1,0,1,1,0,1,1,0,1,0,1,1,1,1,0,1,1,0,1,1,1,0,0,1,1,1,1,1,0,1,1,1,1,1,0,1,1,1,1,0,1
roberta-base-1B-2_1,1,0,1,1,1,0,1,1,1,1,1,0,1,1,0,0,1,0,0,1,0,0,1,1,1,0,1,0,1,0,1,1,0,0,0,0,0,0,0,1,0,1,0,0,0,0,1,1,1,1,0,0,0,0,1,0,0,1,1,1,0,0,1,1,0,0,0,1,0,1,1,0,1,0,1,1,1,1,0,1,1,1,1,0,0,1,0,0,0,0,1,0,0,1,0,1,0,1,1,1,1,1,1,0,0,0,0,1,1,1,0,0,1,0,1,1,0,1,0,1,1,0,0,0,1,0,1,0,0,1,0,1,1,1,0,0,0,1,0,1,0,1,0,1,0,1,1,0,0,0,0,1,1,1,0,0,0,0,1,1,1,1,0,0,1,1,0,0,1,1,0,1,0,1,1,0,1,1,1,1,0,0,0,1,1,0,1,0,0,0,0,1,1,0,0,1,1,1,1,1,0,0,1,1,1,0,1,0,0,1,1,0,1,1,0,0,1,0,1,1,1,1,1,0,1,1,0,1,1,0,0,0,1,1,0,1,1,0,1,1,0,1,1,1,1,1,0,0,1,1,0,0,1,1,1,1,1,1,0,1,0,0,0,1,0,0,0,0,0,1,0,0,0,1,0,1,0,1,0,0,0,0,0,0,1,1,1,0,1,1,1,0,0,1,1,0,1,1,1,1,1,1,1,1,0,0,0,1,1,1,1,0,1,0,0,0,1,0,1
roberta-base-1B-2_best,1,1,0,1,0,1,1,1,1,0,1,1,0,1,0,1,1,1,0,1,0,0,1,1,0,0,1,1,1,1,0,0,1,1,1,0,1,0,1,0,0,1,0,0,0,1,1,1,1,1,1,1,1,0,0,1,0,1,0,0,1,0,1,0,0,1,1,1,0,1,1,0,1,0,1,0,1,1,0,1,1,1,1,1,1,1,0,1,1,0,1,0,0,0,1,1,0,1,0,1,0,1,0,0,0,1,0,1,1,1,1,1,1,0,0,1,0,0,0,0,1,0,0,0,1,0,1,1,1,1,1,0,1,1,1,1,1,1,0,1,0,1,0,0,1,1,0,1,1,1,1,1,1,0,0,1,1,1,1,1,1,1,0,0,1,1,1,0,0,1,0,0,1,0,0,1,1,1,1,0,1,1,0,1,1,1,1,1,1,1,0,1,0,1,1,1,1,1,1,1,0,1,1,1,0,0,0,1,1,0,0,1,0,0,1,0,1,1,0,1,1,1,1,1,1,0,1,1,1,1,1,1,0,0,0,0,1,0,1,0,1,1,1,1,1,1,1,0,1,1,1,0,1,1,0,1,0,0,1,1,1,1,0,0,0,1,1,0,1,1,1,1,0,1,1,1,1,0,1,1,1,1,0,0,0,1,1,0,1,0,1,1,0,1,1,0,1,1,0,0,0,1,1,1,1,0,0,1,1,1,0,0,0,1,1,1,0,1,1
roberta-med-small-1M-1_50,1,1,0,1,1,1,1,1,0,1,0,0,0,1,0,0,1,1,0,1,0,0,1,1,1,0,1,1,1,1,1,1,0,1,0,1,1,0,1,1,1,0,0,1,0,1,1,1,1,0,1,0,1,1,0,1,0,1,0,0,1,0,1,0,1,1,1,0,0,1,0,1,1,0,0,0,1,1,0,0,0,1,1,0,0,0,0,1,0,0,1,0,1,0,1,0,0,0,0,1,1,1,0,0,0,1,0,1,0,1,1,1,1,1,0,1,0,0,0,1,1,0,0,0,0,0,1,1,1,1,1,0,0,1,1,1,1,0,1,1,0,1,1,1,1,0,0,1,0,1,1,1,1,0,0,0,0,1,1,0,1,0,1,0,1,0,1,0,1,0,0,1,0,1,0,1,0,1,1,0,0,0,0,1,1,0,1,1,1,1,1,1,0,0,1,0,1,1,1,0,1,1,1,1,0,0,0,1,1,0,0,1,1,0,1,1,0,0,0,1,1,1,1,1,1,0,1,0,0,0,0,1,0,0,0,1,0,0,1,1,1,1,1,1,0,0,1,0,0,0,0,1,1,1,0,1,1,0,1,0,1,1,0,0,0,0,1,0,0,0,0,1,0,0,1,1,1,1,1,0,1,0,0,1,0,0,0,1,1,1,0,0,1,1,1,0,0,1,1,1,1,1,0,0,0,0,1,0,1,0,0,0,0,0,1,1,1,1,0
roberta-med-small-1M-1_25,1,1,0,1,1,0,1,1,0,1,1,0,1,0,0,0,1,1,0,1,0,0,1,1,1,0,1,1,1,1,1,1,0,1,0,1,1,0,1,0,1,0,0,1,0,0,1,1,1,0,1,0,1,1,0,1,0,1,0,0,1,0,1,1,1,1,1,0,0,1,0,0,1,0,0,0,1,1,1,0,0,1,1,0,0,0,1,1,0,0,1,0,1,0,1,0,0,0,0,1,0,1,0,0,0,1,0,1,1,1,1,1,1,0,0,1,0,0,0,1,1,0,0,0,0,0,1,1,1,1,0,0,0,1,0,1,1,0,1,1,0,1,1,1,1,1,0,1,0,1,1,1,1,0,0,0,0,1,1,0,1,0,1,0,1,0,1,0,1,0,0,0,0,0,0,1,0,1,1,0,0,0,1,1,1,0,1,1,1,1,1,1,1,0,1,0,1,1,1,0,1,1,1,1,0,0,1,1,1,0,1,1,1,0,1,0,0,0,0,0,1,1,1,1,1,0,1,1,0,0,0,1,0,0,0,1,1,0,0,1,1,1,1,1,0,0,1,0,0,0,1,1,1,1,1,1,1,1,1,0,1,1,0,0,0,0,0,0,0,0,1,1,0,0,0,1,1,1,1,0,1,0,0,1,0,0,1,0,1,1,0,1,1,1,1,0,1,1,1,1,1,1,0,0,1,0,1,0,1,0,0,0,0,1,1,1,1,1,1
roberta-med-small-1M-1_10,1,1,0,1,1,1,1,1,0,0,1,0,1,1,0,0,1,1,0,1,0,0,1,1,1,0,1,1,1,1,1,1,1,1,0,1,1,0,1,1,1,0,0,0,0,0,1,0,1,0,1,0,1,1,0,1,0,1,0,0,1,0,1,1,0,1,1,0,0,1,0,0,1,0,1,0,1,1,1,0,0,1,1,0,0,0,1,0,0,1,1,0,1,0,1,1,0,0,0,1,1,1,0,0,0,1,0,1,1,1,1,1,1,0,1,1,1,1,0,1,1,1,0,0,0,0,1,1,1,1,0,0,0,1,1,1,1,1,0,0,0,1,1,1,0,0,0,1,0,1,1,0,1,1,0,0,1,1,1,0,1,0,1,0,1,0,1,0,1,0,0,0,0,0,0,1,0,1,1,0,0,0,0,1,1,0,1,1,0,1,0,1,1,0,1,0,1,1,1,0,1,1,0,1,0,1,1,0,1,0,0,0,0,1,1,0,1,0,0,1,1,1,1,1,0,0,1,1,0,0,0,1,0,0,0,1,1,0,0,1,1,1,0,1,0,0,1,0,0,0,1,1,0,1,1,1,1,0,1,0,1,1,0,1,0,0,1,0,0,0,1,1,1,0,0,1,1,1,1,1,1,0,0,0,0,0,0,0,1,0,0,1,1,1,1,0,1,1,1,1,1,1,1,0,0,1,1,0,1,0,0,0,0,1,0,1,1,1,0
roberta-med-small-1M-1_1,1,0,1,0,1,1,0,0,0,0,0,0,1,0,0,0,0,1,0,1,0,1,0,1,1,0,0,1,0,1,0,0,0,1,1,1,0,0,1,0,1,0,0,0,0,0,1,1,0,1,1,1,1,0,0,0,0,0,1,0,0,1,0,1,0,0,0,0,0,0,1,1,1,1,0,0,0,1,0,0,0,0,1,0,0,0,1,0,1,1,1,0,0,1,1,0,0,1,1,1,1,1,0,0,0,1,0,1,0,1,0,1,1,0,0,0,0,0,0,0,1,1,1,0,1,0,0,0,1,0,0,0,1,0,0,1,1,1,0,1,0,0,1,0,0,1,1,1,0,0,1,1,1,1,1,0,1,0,0,1,1,1,1,1,1,1,0,0,0,1,1,1,1,1,1,0,0,1,0,0,1,1,0,1,1,0,1,0,0,0,1,0,1,0,1,0,1,1,0,0,0,0,1,1,0,1,0,0,1,1,0,0,0,1,0,0,1,1,1,1,1,1,0,1,0,0,1,0,0,0,0,1,0,1,1,1,1,1,0,0,1,1,0,0,0,1,0,0,1,0,1,1,0,0,1,1,0,1,1,1,1,1,1,1,1,0,0,1,1,1,1,1,1,0,0,0,0,0,1,1,0,0,1,0,0,0,1,0,1,0,0,1,1,1,1,1,1,1,1,1,1,1,0,1,0,0,1,0,0,0,0,0,0,1,1,1,1,0,0
roberta-med-small-1M-1_best,1,1,0,1,1,0,1,1,0,0,1,0,1,1,0,0,1,1,0,1,0,0,1,1,1,1,1,1,0,1,1,1,1,1,0,1,1,0,1,1,1,0,0,1,0,0,0,0,1,1,1,0,1,1,0,1,0,1,0,0,1,0,1,1,1,1,0,0,0,1,0,0,1,0,1,1,1,1,1,0,0,1,1,0,0,0,1,0,0,1,1,0,1,0,1,0,0,0,0,1,1,1,0,0,0,1,0,1,1,1,1,1,1,0,0,1,1,1,1,1,1,1,0,0,0,0,1,1,1,1,1,1,0,1,0,1,0,1,1,1,0,1,1,1,1,1,0,1,0,1,1,0,1,0,0,0,0,1,1,0,1,0,1,0,1,1,1,0,0,1,0,0,0,0,0,1,0,1,1,0,0,0,0,1,1,0,1,1,1,1,0,1,1,0,1,0,1,1,1,0,1,1,0,1,0,0,1,1,1,1,0,0,0,1,1,0,0,0,0,1,1,1,1,1,1,0,1,1,0,1,0,1,0,1,1,1,1,1,0,1,1,1,0,1,0,0,1,0,0,0,1,1,0,1,1,1,1,1,1,0,1,1,0,1,0,0,1,0,0,0,1,1,1,1,0,1,1,1,1,0,1,0,0,0,0,0,0,0,1,0,0,1,1,1,1,0,0,1,1,1,1,1,0,0,0,1,1,0,1,0,0,0,0,1,1,1,1,1,1
bert-large-cased_50,1,1,0,1,1,1,1,1,1,1,0,1,1,1,0,0,1,1,1,1,0,0,0,1,0,1,1,1,1,1,0,1,1,1,0,1,1,1,1,1,0,1,0,1,1,1,1,1,1,0,1,1,1,1,0,1,0,0,0,0,0,1,1,1,0,1,1,1,1,1,1,1,1,1,1,1,0,1,0,1,1,1,1,1,1,1,1,1,1,1,1,0,1,1,1,1,0,1,1,1,0,1,1,0,0,1,0,1,1,1,1,1,1,0,1,1,0,1,0,1,1,1,0,0,1,1,1,1,1,0,1,1,1,1,1,1,1,1,0,1,0,1,1,1,1,1,1,1,1,1,0,1,1,1,0,1,1,1,1,1,1,1,1,1,1,0,0,1,1,1,1,0,1,1,1,1,1,1,1,0,1,1,1,1,1,1,1,1,0,0,0,1,1,1,1,0,1,1,1,1,1,1,1,1,1,1,0,1,1,0,1,1,0,0,0,1,1,1,0,1,1,1,1,1,1,1,1,1,1,1,1,1,0,1,1,0,1,1,1,0,1,1,1,1,0,1,1,1,1,0,1,1,1,1,0,1,1,0,1,1,0,0,0,0,1,1,1,0,1,1,0,1,1,1,1,0,1,1,1,0,1,1,0,1,0,1,1,1,1,0,1,1,1,1,1,0,1,1,1,0,1,1,1,1,1,0,1,1,1,1,1,1,0,1,1,1,0,1,1
bert-large-cased_25,0,0,0,1,1,1,1,1,1,0,0,1,1,1,0,1,0,1,1,1,0,0,0,1,1,1,1,1,1,1,0,1,1,1,1,1,0,0,1,1,0,1,1,1,1,1,1,1,1,0,1,1,1,1,0,1,0,0,0,0,1,1,1,1,1,1,1,1,0,0,1,1,1,1,1,0,0,1,0,1,1,1,1,1,1,1,1,1,1,1,1,1,1,1,1,1,0,1,1,1,0,1,1,0,0,1,0,1,1,1,1,1,1,0,1,1,0,0,0,1,1,1,0,0,1,1,0,1,1,1,1,1,1,1,1,1,1,1,0,1,0,1,1,1,1,1,1,1,1,1,1,1,1,1,0,1,1,1,1,1,1,1,1,1,1,1,1,0,1,1,1,1,1,1,1,1,1,1,1,1,1,1,1,1,1,1,1,1,0,0,0,1,1,1,1,0,1,1,1,1,1,1,1,1,1,0,0,1,1,0,1,1,0,0,1,1,1,1,1,1,1,1,1,1,1,1,1,0,1,1,1,0,0,0,1,0,1,1,1,0,1,1,1,1,0,1,1,1,1,0,1,1,1,1,0,1,1,0,1,1,0,1,0,0,1,1,1,0,1,1,0,1,1,1,1,0,1,1,1,0,1,1,0,1,1,1,1,0,1,0,1,1,1,1,1,0,1,1,1,1,1,1,1,1,1,0,1,1,1,1,1,0,0,1,1,1,0,1,1
bert-large-cased_10,0,1,1,1,0,1,1,1,0,0,0,1,1,1,0,1,1,1,1,1,0,0,0,1,0,1,1,1,1,0,1,1,1,1,1,1,1,1,1,1,0,1,1,1,0,1,1,1,1,0,1,1,1,1,0,1,0,0,1,1,0,1,1,1,0,1,1,1,1,1,1,0,1,1,1,1,0,1,1,1,1,1,0,1,1,1,1,1,1,0,1,1,1,1,1,1,0,0,1,1,0,1,1,0,1,1,0,1,1,1,1,1,1,1,0,1,1,0,0,1,1,1,0,1,1,1,1,1,1,0,1,1,1,1,1,1,1,1,0,1,0,1,1,1,1,1,1,1,1,1,0,1,1,1,0,0,1,1,1,1,1,1,1,1,1,1,1,1,1,1,1,0,1,1,1,1,1,0,1,0,1,1,1,1,1,1,1,1,0,1,0,1,1,1,1,0,1,1,1,1,1,1,1,1,0,0,0,1,1,0,0,1,0,0,1,1,1,1,1,1,1,1,1,1,1,1,1,0,1,1,1,1,0,1,1,0,1,1,1,0,1,1,1,1,1,1,1,1,1,0,1,1,1,1,0,1,1,0,1,1,1,1,0,0,0,1,1,0,1,1,1,1,1,1,1,0,1,1,1,0,1,0,0,0,0,1,1,0,1,0,1,1,1,0,0,0,1,1,1,0,0,1,1,1,1,0,0,1,1,1,1,0,0,1,1,1,1,0,1
bert-large-cased_1,1,1,1,1,0,0,1,0,0,0,1,0,1,1,1,1,1,0,1,1,1,0,1,1,0,0,1,0,0,1,1,0,0,1,0,0,0,0,0,1,1,0,1,0,1,1,1,1,1,0,0,0,0,1,1,0,0,1,0,1,1,1,1,1,0,1,1,0,0,1,1,0,0,0,1,0,1,1,1,0,1,1,1,1,1,1,1,0,0,1,1,1,0,1,0,0,1,0,0,0,0,1,0,1,1,1,0,1,1,0,1,0,1,0,0,0,1,1,1,1,0,1,1,1,0,0,0,0,0,1,1,0,0,0,0,1,0,0,1,0,0,1,0,1,1,0,1,0,0,0,1,1,0,0,0,1,0,0,1,0,0,1,0,0,0,0,0,1,0,1,1,0,0,1,1,0,1,1,1,1,1,1,0,0,1,1,0,1,1,0,0,0,1,0,0,0,1,1,1,1,1,1,0,0,1,1,0,1,1,1,1,0,1,0,1,0,1,0,0,0,1,1,1,0,0,0,0,1,0,1,0,0,0,1,1,1,1,1,1,0,1,1,0,1,1,0,1,1,0,0,0,1,1,1,0,1,0,1,1,0,1,1,0,1,1,1,1,0,1,0,0,0,0,0,1,0,1,0,1,0,1,0,1,0,0,0,1,1,1,1,1,0,0,0,0,0,1,1,0,1,1,1,1,1,0,0,1,0,1,1,0,0,0,1,1,1,1,1,1
bert-large-cased_best,1,1,0,1,0,1,1,1,1,0,0,0,1,1,0,1,0,0,1,1,0,0,0,1,0,1,1,1,1,1,0,1,1,1,1,1,1,1,1,1,0,1,0,1,1,1,1,1,1,0,1,1,1,1,0,1,0,0,0,1,0,1,1,1,0,1,1,1,1,1,1,1,1,1,1,1,0,1,0,1,1,1,1,1,1,1,1,1,1,1,1,0,1,1,1,1,0,1,1,1,0,1,1,0,0,1,0,1,1,1,1,1,1,0,1,1,0,0,0,1,1,1,0,0,1,1,1,1,1,0,1,1,1,1,0,1,1,1,0,1,1,1,1,0,1,1,1,1,1,1,1,1,1,1,0,0,1,1,1,1,1,1,1,1,1,1,1,1,1,1,1,1,1,1,1,1,1,1,1,0,1,1,1,1,1,1,1,1,0,0,0,1,1,1,1,0,1,1,1,1,0,1,1,1,0,0,0,1,1,0,0,1,0,0,1,1,1,1,1,1,1,1,1,1,1,1,1,0,1,1,1,0,0,0,1,0,1,1,1,0,1,1,1,1,0,1,1,1,1,0,1,1,1,1,0,1,1,0,1,1,1,1,0,0,0,1,1,0,1,1,0,1,1,1,1,0,1,0,1,1,1,1,0,0,0,1,1,1,1,0,1,1,1,1,0,0,1,1,1,1,0,1,0,1,0,0,0,1,1,1,1,1,0,1,1,1,0,1,1
roberta-base-100M-3_50,1,1,0,1,1,1,1,1,1,0,0,1,0,1,0,1,1,0,1,1,1,0,1,1,1,1,1,1,1,1,0,1,1,1,0,0,1,0,1,0,0,1,0,0,1,1,1,1,1,1,1,1,1,1,0,1,0,0,0,0,0,0,1,0,0,1,1,1,0,0,0,1,1,0,1,0,0,1,0,1,1,1,0,1,1,1,1,1,1,1,1,0,0,0,1,1,0,1,1,1,0,0,1,0,1,1,0,0,1,1,1,1,1,0,0,1,0,0,0,1,1,0,0,0,1,1,1,1,1,1,1,0,1,1,0,1,0,0,0,1,0,1,0,0,1,1,0,1,1,1,1,1,1,0,0,1,1,1,1,1,1,0,1,0,1,1,1,0,1,1,1,0,1,1,0,1,1,1,1,1,0,1,0,0,1,0,1,1,0,1,1,1,1,1,1,1,1,1,1,1,1,1,1,1,0,0,0,1,1,0,1,1,0,0,0,1,1,1,0,0,1,1,1,1,1,1,1,0,1,1,1,1,1,0,0,0,0,1,0,0,1,1,1,1,0,1,1,0,1,1,1,1,1,1,0,1,0,0,1,1,0,1,0,0,0,1,1,0,1,1,0,1,0,1,0,1,1,1,1,0,0,1,0,1,0,0,1,0,1,0,1,1,0,1,1,0,1,1,1,0,1,1,1,1,0,0,1,1,1,1,1,0,0,1,1,1,1,0,1
roberta-base-100M-3_25,0,1,0,1,1,1,1,1,1,0,0,1,0,1,0,1,1,0,1,1,0,0,1,1,0,0,1,1,1,1,0,1,1,1,0,0,1,0,1,0,0,1,0,0,1,1,1,1,1,1,1,1,1,1,0,1,0,0,0,0,1,0,1,0,0,0,1,1,0,0,0,0,1,0,0,0,0,1,1,1,0,1,1,1,1,0,1,1,1,0,1,0,0,0,1,1,0,1,1,1,0,0,1,0,1,1,0,0,1,1,1,1,1,0,0,1,0,0,0,1,1,0,1,0,1,1,1,1,1,1,1,0,1,1,0,1,1,0,0,1,0,1,1,0,1,1,0,1,1,1,1,1,1,0,0,1,1,1,1,1,0,0,1,0,1,1,1,0,1,1,1,0,0,1,0,1,1,1,1,1,0,0,1,1,1,0,1,1,0,1,1,1,1,1,1,1,1,1,1,1,1,1,1,1,0,0,0,1,1,0,0,1,0,0,0,1,0,1,0,1,1,1,1,1,1,1,1,0,1,0,1,1,1,0,0,0,1,1,0,0,1,1,1,1,0,1,1,1,1,0,0,0,1,1,0,1,0,0,1,1,0,1,0,1,0,1,0,0,1,1,0,1,0,1,0,1,1,1,1,0,1,1,0,1,0,0,1,0,1,0,1,1,0,1,1,0,1,1,1,0,1,1,0,1,1,0,1,1,1,1,1,0,0,1,1,1,1,0,1
roberta-base-100M-3_10,0,1,0,1,1,1,1,1,1,0,0,1,0,1,0,1,1,0,0,1,0,0,1,1,0,1,1,1,1,0,0,1,1,0,1,1,1,1,1,0,0,0,1,0,1,1,1,1,1,1,1,1,1,1,1,1,0,0,0,0,0,0,1,0,0,1,1,1,0,1,0,0,1,0,1,1,0,1,1,1,0,1,0,1,1,0,1,1,0,1,1,0,0,1,1,1,0,1,1,1,0,0,0,0,1,1,0,0,1,1,1,1,1,0,1,1,0,0,0,1,1,0,0,0,1,0,0,1,1,1,1,0,1,1,0,1,0,0,0,1,0,1,0,0,1,1,0,1,1,1,1,0,1,0,0,1,1,1,1,1,1,0,1,0,1,1,0,0,1,1,1,0,0,0,1,1,1,1,1,0,0,0,0,0,1,0,1,1,1,1,1,1,1,1,1,1,1,1,1,1,1,1,1,1,0,0,0,1,1,0,0,1,0,0,1,1,0,1,0,0,1,0,1,1,1,1,1,0,1,0,1,1,0,0,1,0,1,0,1,0,1,1,1,1,1,1,1,1,1,1,0,0,1,0,0,1,1,1,1,1,0,1,0,0,0,1,1,0,0,0,1,1,0,1,0,1,1,1,1,0,1,0,0,1,0,0,1,1,1,0,1,1,0,1,0,0,1,1,1,0,1,1,1,1,1,1,0,1,1,1,1,0,0,1,1,0,1,0,1
roberta-base-100M-3_1,0,1,1,1,1,0,1,1,0,0,0,1,1,1,1,0,1,0,0,1,0,0,1,1,0,0,1,0,1,0,1,1,1,0,1,0,0,0,0,0,1,0,1,0,1,0,0,1,0,1,0,0,1,0,1,1,1,0,0,1,0,0,1,1,1,1,0,0,1,0,0,1,1,0,1,1,0,1,1,1,0,1,1,1,0,0,0,1,0,1,1,0,1,1,1,1,0,0,0,1,0,0,0,0,1,0,1,1,1,1,0,0,1,0,1,0,0,0,0,0,0,0,0,1,0,1,0,1,1,1,1,1,1,1,1,1,0,0,0,1,0,1,0,1,0,1,0,0,1,0,1,0,0,0,0,1,0,0,0,1,0,0,0,1,1,0,0,1,1,1,1,1,0,1,1,0,0,1,1,1,1,0,1,0,1,0,1,0,0,0,1,1,1,0,1,1,0,1,1,0,1,1,0,1,1,0,0,0,1,0,0,0,0,1,1,1,1,1,1,0,1,0,1,0,1,1,0,1,0,0,0,0,1,0,1,0,1,0,1,1,0,1,1,1,1,1,1,0,0,0,1,0,0,0,0,0,0,1,1,1,1,0,0,1,0,1,1,0,1,1,1,0,1,0,0,1,1,1,1,1,0,0,1,0,0,1,1,0,1,0,1,1,1,0,0,0,1,0,1,0,1,0,1,1,1,0,0,0,0,1,1,1,1,1,1,0,0,0,1
roberta-base-100M-3_best,1,1,0,1,1,1,1,1,1,0,1,1,0,1,0,0,1,0,0,1,1,0,1,1,0,1,1,1,0,0,0,1,1,1,1,0,1,1,1,0,0,1,0,0,0,1,1,1,1,1,1,1,1,1,0,1,0,1,0,1,0,1,1,0,0,1,1,1,0,1,1,1,1,0,1,0,0,1,1,1,1,1,1,1,1,1,1,1,0,1,1,0,1,1,1,1,0,1,1,1,0,0,1,0,1,1,0,0,1,1,1,1,1,0,0,1,0,0,0,1,1,1,1,0,1,0,0,1,1,1,1,1,1,1,0,1,0,1,0,1,0,1,0,0,1,1,0,1,1,1,1,1,1,0,0,0,1,1,1,1,1,0,1,0,1,1,1,0,0,1,1,0,1,1,0,1,1,1,1,0,1,1,0,0,1,1,1,1,0,1,1,1,1,0,1,0,1,1,1,1,1,1,1,1,0,0,0,1,1,1,1,1,0,0,0,0,1,1,0,0,1,1,1,1,1,1,1,0,1,1,1,1,1,1,1,0,1,1,1,0,1,1,1,1,0,1,1,0,1,0,1,1,1,1,0,1,0,0,1,1,0,1,0,0,0,1,1,0,1,1,1,1,1,0,0,1,1,1,1,0,1,1,0,1,0,0,1,0,1,0,1,1,0,0,1,0,1,0,0,0,0,1,1,1,1,0,0,1,1,1,1,0,0,1,1,1,1,0,1
roberta-base-10M-3_50,0,1,0,1,0,1,1,1,0,0,1,1,0,1,0,1,0,1,0,1,1,0,1,1,1,0,1,1,0,1,0,0,1,1,0,1,1,1,1,0,0,0,1,1,1,1,1,1,1,0,1,0,1,1,0,0,0,1,0,0,1,0,1,1,0,1,1,1,0,0,0,0,1,0,1,0,1,1,0,0,0,1,1,1,1,1,1,1,0,1,1,0,0,0,1,1,0,1,1,1,0,0,0,0,0,1,0,0,1,1,1,1,1,1,0,1,0,0,0,0,1,0,0,0,1,1,0,1,1,1,1,0,0,1,0,0,1,0,0,1,0,1,1,1,0,1,0,1,1,1,0,1,1,0,1,0,0,1,1,1,1,0,0,0,1,1,1,0,1,1,1,0,1,0,0,1,1,1,1,0,1,1,0,1,1,1,0,1,0,1,1,1,1,0,1,0,1,1,1,1,1,1,1,1,0,0,0,1,1,0,0,0,0,1,1,1,1,1,0,0,0,1,1,1,0,0,1,0,1,1,1,1,0,0,0,0,1,0,1,1,1,1,1,1,1,1,1,0,0,0,0,1,1,1,0,1,0,0,1,1,0,1,0,0,0,1,1,0,0,0,1,1,0,1,0,1,1,1,1,0,1,1,0,0,0,0,1,1,0,0,1,1,1,1,0,0,1,1,1,1,0,1,1,1,1,1,0,1,1,0,0,0,0,1,1,0,0,1,1
roberta-base-10M-3_25,0,1,0,1,1,1,1,1,0,0,1,1,0,1,0,1,0,1,0,1,0,0,0,1,1,1,1,1,1,1,0,1,1,1,0,1,1,0,1,0,0,0,1,1,1,1,1,1,1,0,1,0,1,1,0,1,0,1,0,0,1,0,1,1,0,1,1,1,0,0,0,0,1,0,0,0,1,1,0,1,0,1,1,1,1,1,1,1,0,1,1,0,0,0,1,1,0,0,1,1,0,0,0,0,0,1,0,0,1,1,1,1,1,0,0,1,0,0,0,1,1,0,0,0,1,1,1,1,1,0,1,0,0,0,0,1,1,1,0,1,0,1,1,1,0,1,1,1,0,1,1,1,1,0,0,1,0,1,1,1,1,1,0,0,1,1,0,0,1,1,1,0,0,1,1,1,1,1,1,1,1,0,0,1,1,0,1,1,0,0,1,1,1,0,1,0,1,1,1,1,1,1,1,1,0,0,0,1,1,0,0,0,0,0,1,1,1,0,0,0,0,1,0,1,1,0,1,0,1,0,1,1,0,1,0,0,1,0,0,1,1,1,1,1,0,1,1,1,0,0,0,1,1,0,1,1,0,0,1,1,0,1,0,0,0,1,1,0,0,0,1,1,1,1,0,1,1,1,1,0,1,1,0,0,0,0,1,1,0,0,1,1,0,1,0,0,1,1,1,1,0,1,1,1,1,1,0,1,1,1,0,1,0,1,1,0,0,1,1
roberta-base-10M-3_10,0,1,0,1,0,0,1,1,1,0,1,1,1,1,0,0,0,1,0,1,0,0,1,1,1,0,1,1,0,0,1,1,1,1,0,1,1,0,1,0,0,0,1,0,0,0,1,1,1,0,1,0,1,1,0,0,0,1,0,0,0,0,1,1,0,1,1,1,0,1,1,0,1,0,1,0,1,1,0,1,0,1,1,1,1,1,1,0,0,1,1,0,0,1,1,1,0,1,1,1,0,0,0,0,0,1,0,0,1,1,1,1,1,0,1,1,0,1,1,0,1,0,0,0,1,0,0,1,1,1,1,0,0,1,1,1,1,0,0,1,0,1,1,1,0,1,0,1,0,1,0,1,1,0,1,0,0,1,1,1,1,1,0,0,1,1,1,0,1,1,1,1,0,1,1,1,1,1,1,0,1,1,0,1,1,0,0,1,0,0,1,1,1,0,1,0,1,1,1,1,1,1,0,1,0,0,0,1,1,0,0,0,0,1,1,1,1,0,0,0,1,1,1,1,0,0,1,0,1,1,1,1,0,1,0,0,1,0,0,0,1,1,1,1,1,1,1,0,0,0,1,1,1,1,1,1,0,0,1,0,0,1,0,0,0,1,1,0,0,0,1,1,1,1,0,1,1,1,1,1,1,1,0,0,0,0,0,0,0,0,0,1,1,1,0,0,1,1,1,1,0,1,1,0,1,0,0,1,1,0,0,1,0,1,1,0,0,0,1
roberta-base-10M-3_1,0,0,0,1,1,1,0,0,1,0,1,1,1,1,0,0,1,1,0,0,0,1,1,0,0,0,0,1,1,1,1,1,0,1,0,1,0,0,0,0,0,0,1,0,0,0,1,1,1,0,1,0,0,1,1,0,0,1,0,0,0,0,1,1,0,1,1,1,0,1,0,0,1,0,0,1,1,1,0,1,0,1,1,1,1,1,0,0,0,1,1,1,0,1,0,0,1,1,1,1,0,0,0,0,0,1,0,0,1,1,0,1,0,0,1,0,0,1,0,0,1,0,1,0,0,1,0,0,0,0,1,0,1,0,1,1,1,0,0,1,0,1,1,1,0,1,1,1,1,1,0,0,0,1,1,0,0,0,0,1,1,1,0,1,0,1,1,1,1,1,0,1,1,1,1,0,0,1,1,1,1,0,1,1,1,1,0,1,0,0,1,1,0,0,1,0,1,1,1,1,1,0,1,1,0,0,1,1,0,1,0,0,0,1,0,1,1,0,1,0,1,1,0,1,1,1,0,1,1,0,1,0,0,1,0,1,0,0,0,1,1,1,0,1,1,1,0,0,0,1,1,1,0,1,0,1,0,1,1,1,1,1,0,0,0,1,0,0,0,1,1,1,0,1,0,1,1,1,1,1,1,0,0,0,1,0,1,1,0,0,1,0,1,0,0,0,1,0,1,1,1,1,1,0,1,0,0,1,1,0,1,1,1,0,0,0,1,1,1
roberta-base-10M-3_best,0,1,0,1,0,1,1,1,0,0,1,1,0,1,0,1,0,1,0,1,1,0,1,1,1,1,1,1,0,1,1,0,1,1,0,0,1,0,1,0,0,0,0,1,0,0,1,1,1,0,1,0,1,1,0,1,0,1,0,0,1,0,1,1,0,1,1,1,0,0,0,0,1,0,1,0,1,1,0,0,0,1,1,1,1,1,1,1,0,1,1,0,0,1,1,1,0,0,1,1,1,0,0,0,1,1,0,0,1,1,1,0,1,1,0,1,0,0,0,1,1,1,0,1,1,1,0,1,1,1,0,0,0,1,0,1,1,1,0,1,0,1,1,1,0,1,0,1,0,1,1,1,1,0,1,0,0,1,1,1,1,1,0,0,1,1,1,0,1,1,1,0,1,0,0,1,1,1,1,0,1,1,0,1,1,0,0,1,0,1,1,1,1,0,1,0,1,1,1,1,1,1,0,1,0,0,0,1,1,0,0,1,0,0,1,0,1,0,0,0,1,1,1,0,0,0,1,0,1,1,1,1,0,1,0,0,1,0,0,1,1,1,1,1,1,1,1,0,0,0,1,1,0,1,0,1,0,0,1,1,0,0,0,0,1,1,1,0,0,0,1,1,1,1,0,1,1,1,1,0,1,1,0,0,0,0,1,0,1,0,1,1,1,1,0,0,1,1,1,1,0,1,1,1,1,1,0,1,1,1,0,0,0,1,1,1,0,1,1
roberta-med-small-1M-2_50,0,0,0,1,0,1,1,1,1,0,1,1,0,1,0,0,1,1,0,1,1,1,0,1,1,0,0,1,0,1,0,1,1,0,1,1,1,0,1,1,1,1,1,0,1,1,1,0,1,1,1,0,1,1,0,1,0,1,0,0,1,1,1,1,0,1,1,0,0,0,0,0,1,0,1,0,1,1,0,0,0,1,1,1,1,0,1,0,1,0,1,0,1,0,1,0,0,1,0,1,0,0,0,0,1,1,0,1,1,1,1,1,1,1,0,1,0,0,0,1,1,1,1,0,0,0,1,1,1,1,0,0,1,1,1,1,1,1,0,1,0,1,0,1,1,1,0,1,0,1,1,1,1,0,0,1,0,1,1,0,1,0,1,0,1,0,0,0,1,0,0,1,0,1,0,1,1,1,1,0,1,0,0,1,1,0,1,1,1,1,0,1,1,1,1,1,0,1,1,1,1,1,1,1,0,1,1,1,1,0,0,1,0,1,1,0,0,1,0,0,1,1,0,1,1,0,1,0,1,1,1,1,0,1,0,1,1,0,1,0,0,0,0,1,0,1,1,1,0,1,1,1,1,0,0,1,0,0,1,1,0,0,0,1,0,0,1,0,0,0,1,1,1,0,0,1,1,1,1,0,1,0,0,1,0,0,0,0,1,1,0,1,0,0,1,0,1,1,0,0,1,1,0,0,1,0,0,1,1,0,0,1,0,1,1,1,0,0,1
roberta-med-small-1M-2_25,0,0,0,1,1,1,1,1,1,0,1,1,0,1,0,1,1,1,0,1,0,1,0,1,1,0,1,1,1,1,0,1,1,0,0,1,1,0,1,1,0,0,1,0,1,1,1,1,1,1,1,1,1,0,0,1,0,1,0,0,1,1,1,1,1,1,1,0,0,1,0,1,1,0,0,0,1,1,0,0,0,1,0,1,1,0,1,0,0,0,1,0,1,0,1,0,0,1,1,1,0,0,0,0,0,1,0,0,1,1,0,1,1,1,0,1,0,0,0,1,1,0,0,0,1,1,1,1,1,1,0,0,0,1,0,1,1,1,0,1,0,1,1,1,1,1,0,1,0,0,1,1,1,0,0,1,1,1,1,0,1,0,1,0,1,0,0,0,1,0,0,0,0,1,0,1,1,1,1,1,0,0,0,1,1,0,1,1,0,1,0,1,0,1,1,1,1,1,1,1,1,1,1,1,1,1,0,1,1,0,0,1,0,0,1,0,0,1,0,0,1,1,0,1,1,0,1,0,1,0,0,1,0,0,0,0,0,0,1,1,0,1,1,1,0,0,1,1,0,1,1,1,1,1,0,1,1,1,1,1,0,0,0,1,0,0,1,0,0,0,0,1,1,0,1,1,1,1,1,0,1,1,0,1,1,0,1,1,0,1,0,0,0,0,1,0,1,1,1,0,1,1,0,0,1,0,1,1,1,0,0,1,0,1,1,1,1,0,1
roberta-med-small-1M-2_10,1,1,0,1,0,1,1,1,0,0,1,0,1,1,0,0,0,1,0,1,1,0,0,1,1,1,1,1,0,1,0,1,1,1,1,1,1,0,1,1,1,1,0,0,0,0,1,0,1,0,1,0,1,1,0,0,0,1,0,0,0,0,1,1,0,1,1,0,0,1,0,0,1,0,1,0,1,1,1,0,0,1,1,1,0,0,1,0,0,0,1,0,1,0,1,0,0,0,0,1,1,0,0,0,1,1,0,1,1,1,1,1,1,1,1,1,0,0,1,0,1,1,1,0,0,0,1,1,1,1,0,0,1,1,1,1,1,1,0,0,0,1,0,1,0,1,0,0,0,1,0,0,1,1,1,0,0,1,1,0,1,0,1,0,1,0,1,0,0,1,0,1,0,0,1,1,0,1,1,0,1,0,0,0,1,0,1,0,0,1,0,1,0,1,1,0,1,1,1,0,1,1,1,1,1,1,0,1,1,0,0,0,0,1,1,0,0,0,0,1,1,1,1,1,0,0,1,1,0,0,1,1,0,1,0,1,1,0,1,1,1,0,1,0,0,1,1,1,0,1,1,1,0,0,0,1,0,0,1,1,1,0,0,1,1,0,1,0,1,0,0,0,0,0,0,0,1,0,0,1,1,0,0,1,0,0,0,1,1,0,0,1,0,0,1,0,0,0,0,1,1,1,1,0,1,0,1,1,1,0,1,1,0,1,1,1,1,0,1
roberta-med-small-1M-2_1,1,0,1,0,0,1,0,0,0,1,1,0,1,0,0,0,0,1,0,0,1,0,0,0,0,0,0,0,1,1,0,1,0,1,1,0,0,0,1,0,1,0,0,0,0,1,1,1,0,0,1,1,0,0,0,0,0,1,0,0,1,1,0,0,0,0,0,0,0,1,1,1,0,1,0,0,1,1,0,0,0,0,1,0,0,0,1,1,1,1,0,0,1,0,1,0,1,0,1,1,1,0,0,0,0,1,1,1,0,1,0,1,1,0,0,0,1,1,0,0,0,1,1,1,1,0,0,1,1,0,0,1,1,0,0,1,1,1,0,0,0,1,0,0,0,1,0,1,1,1,1,0,1,0,1,1,0,1,0,1,0,1,1,1,1,1,0,0,0,0,0,1,1,1,1,0,0,1,0,0,1,0,0,0,0,0,0,0,0,0,1,0,0,0,1,0,1,0,1,0,0,0,1,1,1,1,1,0,0,0,0,1,0,1,0,0,0,1,1,1,1,1,0,1,0,0,0,0,0,0,1,1,1,1,1,1,1,1,1,0,1,0,1,0,1,1,0,1,1,0,1,0,0,1,0,1,1,1,0,0,1,0,0,1,1,0,0,1,1,1,0,0,1,0,0,0,0,1,1,1,0,0,1,0,0,0,0,1,0,1,0,1,0,0,1,1,1,1,0,0,1,0,0,1,0,0,0,0,0,0,0,0,0,0,1,1,1,0,0
roberta-med-small-1M-2_best,1,0,0,1,0,1,1,1,1,0,1,1,0,1,0,0,1,1,0,1,1,1,0,1,1,0,0,1,0,1,0,1,1,1,1,1,1,0,1,1,0,1,0,0,1,0,1,0,1,0,1,0,1,1,0,0,0,1,0,0,1,1,1,1,0,1,1,0,0,1,0,0,1,0,1,0,1,1,1,0,0,1,1,1,1,0,1,0,0,0,1,0,1,0,0,0,0,0,0,1,1,0,0,0,0,1,1,1,1,1,0,1,0,1,0,1,0,0,1,1,1,1,0,0,0,0,1,1,1,1,0,0,1,1,0,1,0,1,0,1,0,1,0,1,1,1,0,1,0,0,1,1,1,0,0,0,0,1,1,0,1,0,1,0,1,0,1,0,1,0,0,0,0,1,0,1,0,1,1,0,1,0,0,1,1,0,1,1,1,1,0,1,1,1,1,1,0,1,1,1,1,1,1,1,1,1,1,1,1,0,0,0,0,1,1,0,0,1,0,0,1,1,0,1,1,0,1,0,1,1,1,1,0,0,0,1,1,0,1,1,0,0,0,1,0,1,1,1,0,1,1,1,1,0,0,1,0,0,1,1,0,0,0,1,1,0,1,0,0,0,1,1,1,0,0,1,1,0,1,0,1,0,0,1,0,1,0,0,1,1,0,1,0,0,1,0,1,0,0,0,1,1,0,0,1,0,0,1,1,0,0,1,0,1,1,1,1,0,1
roberta-base-10M-2_50,0,1,1,1,1,1,1,1,1,0,1,1,0,1,0,0,1,1,0,1,1,0,1,1,1,1,1,1,0,1,1,0,1,1,1,1,1,0,1,0,0,0,1,0,1,1,1,1,1,1,1,0,1,1,0,1,0,1,0,0,1,1,1,1,0,0,1,0,1,1,1,0,1,0,1,0,0,1,1,1,1,1,1,1,1,1,1,1,0,1,1,0,0,1,1,1,0,1,0,1,1,1,0,0,0,1,0,0,1,1,1,1,0,0,0,1,0,0,0,1,1,0,0,1,1,1,0,1,1,1,1,0,0,1,0,1,1,1,0,0,0,1,1,0,1,1,0,1,1,1,0,1,1,0,1,0,0,1,1,1,1,0,1,0,1,1,1,0,0,1,0,0,0,1,0,0,1,1,1,0,1,0,0,1,1,0,1,1,1,1,0,1,1,0,1,0,0,1,0,1,1,1,0,1,0,0,1,1,1,0,0,0,0,1,1,1,1,0,0,1,1,1,1,1,1,0,1,0,0,1,1,1,0,0,0,0,1,0,1,0,1,0,1,1,1,1,1,0,0,0,1,1,0,1,1,1,0,0,1,1,0,0,1,0,0,0,0,0,1,0,1,1,1,0,0,0,1,1,0,1,1,1,1,0,0,0,1,1,1,0,1,1,0,1,0,0,1,1,0,1,0,0,1,1,1,0,1,1,1,1,0,0,0,1,1,1,1,0,1
roberta-base-10M-2_25,0,0,0,1,1,1,1,1,1,1,1,1,0,1,0,0,1,0,1,1,0,0,0,1,1,1,1,1,1,1,0,1,1,1,0,1,1,0,1,0,0,0,1,1,1,1,1,1,1,1,1,0,1,1,0,1,1,0,0,0,1,0,1,1,0,1,1,1,0,1,1,0,1,0,0,0,0,1,0,0,0,1,1,1,1,1,0,1,0,1,1,0,0,0,1,0,0,1,0,1,1,1,1,0,0,1,0,0,1,1,1,1,1,1,0,1,0,0,0,1,1,0,0,1,1,1,0,1,1,0,1,0,0,1,0,1,1,1,0,1,0,1,1,0,1,1,0,1,1,0,1,1,1,0,0,0,1,1,1,1,1,1,1,0,1,1,1,0,1,1,1,1,0,1,1,1,1,1,1,0,0,0,0,1,1,0,1,1,0,0,0,1,1,1,0,1,1,1,0,1,0,1,1,1,0,0,0,1,1,0,0,1,0,0,1,1,0,1,0,1,1,1,1,1,1,0,1,0,1,0,1,1,0,0,0,0,1,0,1,0,1,1,1,1,0,1,1,0,0,0,0,1,1,1,0,1,0,1,1,1,0,1,1,0,0,0,0,0,0,1,0,1,1,1,0,1,1,1,0,0,1,1,1,1,1,0,1,1,1,1,1,0,0,1,0,0,1,1,1,0,0,1,1,0,1,1,1,1,1,1,1,0,0,1,1,1,0,0,1
roberta-base-10M-2_10,0,1,0,1,1,1,1,1,0,0,1,0,1,1,0,0,1,0,0,1,0,0,1,1,1,1,1,1,0,1,0,1,1,1,1,1,1,0,1,0,0,0,1,1,1,1,0,1,1,0,1,0,1,1,0,1,0,1,0,0,1,1,1,0,0,0,1,1,0,1,1,0,1,0,1,0,1,1,1,1,1,1,1,1,1,0,1,1,0,0,0,0,0,1,1,0,0,1,0,1,1,1,0,0,0,1,0,0,1,1,1,1,1,0,0,1,0,0,0,1,1,0,0,0,1,0,1,1,1,1,1,0,0,1,0,1,0,1,0,0,0,1,0,0,1,1,0,1,1,0,0,1,1,0,1,0,0,1,1,1,1,0,1,0,1,1,1,0,1,1,1,0,0,0,1,1,1,1,1,0,0,0,0,1,1,1,1,1,1,1,0,1,1,0,0,1,1,1,0,1,0,1,0,1,0,0,0,1,1,0,0,0,0,1,1,1,1,1,0,1,1,1,1,1,0,0,1,0,1,1,1,1,1,0,1,0,1,0,1,0,1,0,1,1,1,1,1,0,1,0,1,1,0,0,1,1,0,0,1,1,1,1,0,0,0,1,0,0,0,0,0,1,1,1,0,1,1,1,0,1,1,1,1,0,0,0,1,0,0,0,1,0,0,1,0,0,1,1,0,0,1,1,1,0,1,0,1,1,1,1,1,0,0,1,1,1,1,0,1
roberta-base-10M-2_1,0,0,1,1,1,0,1,0,0,1,1,0,1,1,1,0,0,1,0,0,1,0,1,0,1,0,0,1,1,0,1,1,0,1,0,1,0,0,0,1,0,0,0,0,0,0,0,1,1,1,0,0,0,1,1,0,0,1,0,0,0,1,1,1,1,0,0,1,1,0,1,0,1,0,1,1,1,1,0,1,1,1,1,1,1,1,0,0,0,0,1,1,0,1,0,0,0,1,0,0,0,1,0,0,1,0,0,0,1,1,1,1,0,1,0,0,0,1,0,1,1,0,1,1,1,0,1,1,1,1,0,1,0,0,1,1,0,0,1,1,0,1,0,0,0,0,0,0,1,0,1,0,1,1,1,1,0,0,1,0,1,1,0,1,1,1,1,1,0,1,0,1,0,1,1,0,0,1,1,0,1,0,0,1,0,1,0,1,1,1,1,0,0,0,0,0,0,1,0,1,0,0,0,1,0,1,1,1,0,1,0,0,0,1,1,1,1,0,1,0,1,1,1,1,0,0,0,1,1,1,0,0,1,1,1,1,0,0,1,1,0,1,1,1,1,1,0,0,0,1,1,1,0,0,0,0,1,0,0,1,0,1,0,1,0,1,0,0,0,1,0,0,1,1,0,0,1,0,1,1,1,0,1,0,1,0,1,0,1,0,0,1,1,1,0,0,1,1,0,0,1,0,1,0,0,0,0,0,0,0,1,0,1,0,0,0,1,0,1
roberta-base-10M-2_best,0,1,1,1,1,1,1,1,0,1,1,1,0,1,0,0,1,0,0,1,0,0,1,1,0,0,1,1,0,1,0,0,1,1,1,1,1,0,1,0,0,0,1,0,1,0,0,1,1,1,1,0,1,1,0,1,0,1,0,0,0,0,1,1,0,0,1,0,0,1,1,0,1,0,1,0,1,1,0,1,1,1,1,1,1,1,1,1,0,1,1,0,1,1,1,1,0,1,0,1,1,1,0,0,1,1,0,0,1,1,1,1,1,1,0,1,0,0,0,1,1,0,0,1,1,1,0,0,1,1,1,0,0,1,0,0,1,1,0,0,0,1,1,0,1,1,0,1,1,1,1,1,1,0,1,0,0,1,1,0,1,0,1,0,1,1,1,0,0,1,0,0,0,1,0,0,1,1,1,0,1,0,0,1,1,0,1,1,0,1,0,1,1,1,1,0,0,1,0,1,1,1,0,1,0,0,1,1,1,0,0,0,0,1,1,1,1,1,0,1,1,1,1,0,0,0,1,0,0,1,1,1,0,0,0,0,1,0,1,1,1,0,1,1,1,1,1,0,0,0,0,1,1,1,0,1,0,0,1,1,1,1,1,0,0,0,0,0,0,0,1,1,1,0,0,1,1,1,0,1,1,1,0,1,0,0,1,1,1,0,1,1,0,1,0,0,1,1,1,1,0,1,1,0,1,0,0,1,1,1,0,0,0,1,1,1,1,0,1
roberta-base-1B-1_50,1,1,0,1,0,1,1,1,1,1,1,1,0,1,0,1,0,0,1,1,0,0,1,1,1,1,1,1,1,0,1,1,1,1,1,0,1,0,1,0,0,1,1,1,1,1,1,1,1,1,1,1,1,1,0,1,0,0,0,1,1,1,1,0,0,1,1,1,0,0,1,1,1,1,0,0,0,1,0,1,1,1,0,1,1,1,1,1,1,0,1,0,0,0,1,1,0,1,1,1,1,1,0,0,1,1,0,1,0,1,1,1,1,1,0,1,0,0,0,1,1,1,0,0,1,1,1,1,1,1,1,0,1,1,0,1,1,1,0,1,0,1,0,0,1,1,0,1,1,1,1,1,1,0,0,1,1,1,1,1,1,1,1,0,1,1,1,0,1,1,1,1,1,1,1,1,1,1,1,1,0,1,1,1,1,0,1,1,1,0,1,1,1,1,0,0,1,1,1,1,1,1,1,1,0,0,0,1,1,0,0,1,0,0,0,0,1,1,0,1,1,1,1,1,1,1,1,0,1,1,1,0,0,0,0,0,0,0,1,0,1,1,1,1,0,1,1,0,1,1,1,1,1,1,0,1,1,1,1,1,1,0,0,0,0,1,1,0,1,0,1,1,1,1,0,1,1,1,1,0,0,1,1,1,1,1,1,0,0,0,1,1,0,1,1,0,1,1,1,1,1,1,0,1,1,0,1,1,1,1,1,0,0,1,1,1,0,0,1
roberta-base-1B-1_25,1,1,0,1,0,1,1,1,1,1,0,1,0,1,0,1,1,1,1,1,0,0,1,1,1,0,1,1,1,0,1,0,1,1,1,1,1,0,1,1,0,1,1,0,1,1,1,1,1,1,1,0,1,1,0,1,0,1,0,1,0,1,1,0,0,1,1,1,0,1,1,1,1,1,1,0,0,1,0,1,1,1,0,1,1,1,1,1,1,0,1,0,0,1,1,1,0,1,1,1,1,1,0,0,1,1,0,1,0,1,1,1,1,0,0,1,0,1,0,1,1,1,0,0,1,0,1,1,1,1,1,0,1,1,0,1,0,1,0,1,0,1,0,0,1,1,0,1,1,1,1,1,1,0,0,1,1,1,1,1,1,1,1,0,1,1,1,0,0,1,0,1,0,1,0,1,1,1,1,0,0,1,1,1,1,1,1,1,1,0,1,1,1,1,1,0,0,1,1,1,1,1,1,1,0,0,0,1,1,0,0,1,0,0,0,1,1,1,0,1,1,1,1,1,1,1,1,1,1,1,1,0,0,1,0,0,1,1,1,0,1,1,1,1,0,1,1,0,1,1,1,1,1,0,0,1,1,0,1,1,1,0,0,0,0,1,1,0,0,0,1,1,1,1,0,1,1,1,1,0,1,1,1,1,1,1,0,0,1,0,1,1,1,0,1,0,1,1,0,1,0,1,1,1,1,0,1,1,1,1,0,1,0,1,1,1,1,0,1
roberta-base-1B-1_10,1,1,0,1,0,1,1,1,1,1,0,1,0,1,0,1,1,0,1,1,0,0,1,1,1,1,1,1,1,1,1,1,1,1,0,0,1,0,1,0,0,1,1,1,1,1,1,1,1,1,1,1,1,1,0,1,0,0,0,0,1,0,1,0,1,1,1,1,0,1,1,1,1,0,0,0,0,1,0,1,0,1,0,1,1,0,0,1,1,0,1,0,0,0,1,1,0,1,1,1,1,1,0,0,1,1,0,1,0,1,1,1,1,0,0,1,0,0,0,1,1,0,0,0,1,0,1,1,1,1,1,0,1,1,0,1,1,1,0,1,0,1,1,0,1,1,0,1,1,0,1,0,1,0,0,1,1,1,1,1,1,1,1,0,1,0,1,0,1,1,1,1,1,1,0,1,1,1,1,0,0,0,1,1,1,0,1,1,1,0,1,1,1,1,0,0,1,1,1,1,1,1,1,1,0,0,0,1,1,0,0,1,0,0,0,1,1,1,0,1,1,1,1,1,1,1,1,1,1,0,1,0,0,1,0,0,0,1,0,0,1,1,1,1,0,1,1,1,1,1,0,1,1,1,1,1,1,0,1,1,0,1,0,0,0,1,1,0,0,1,1,1,0,1,0,1,1,1,1,1,0,1,0,1,1,1,0,1,0,1,1,0,0,1,1,0,1,1,1,0,1,1,1,1,1,0,1,1,1,1,1,1,0,1,1,1,1,0,1
roberta-base-1B-1_1,1,0,1,1,1,1,0,1,0,1,0,0,1,1,0,1,1,0,0,0,0,0,1,1,1,0,0,1,1,0,1,1,0,0,1,0,1,0,1,1,0,1,1,0,0,1,1,1,1,1,0,0,0,1,1,1,0,0,1,1,0,0,1,1,1,1,1,1,0,1,0,1,1,1,1,0,0,1,0,0,0,1,1,1,1,1,0,1,0,0,1,0,0,1,0,1,0,0,1,1,0,0,0,1,1,1,0,1,1,1,0,1,1,0,0,1,0,1,1,1,1,1,1,1,1,1,0,0,0,1,0,0,1,0,0,0,0,1,0,1,0,0,0,1,0,1,0,0,0,0,1,1,0,0,0,1,0,0,1,1,0,1,1,0,1,1,0,0,1,1,0,1,0,0,1,1,1,1,1,1,0,0,0,0,1,0,1,1,0,0,0,1,1,0,0,0,0,1,1,1,1,1,1,1,0,0,0,0,1,0,0,0,0,0,0,1,1,0,0,1,1,1,1,0,1,1,1,1,1,0,1,0,1,1,0,0,1,1,1,0,0,1,1,1,1,1,0,0,1,1,0,1,1,0,1,1,1,1,1,0,1,1,0,1,0,0,0,0,0,0,0,0,0,1,0,0,1,1,0,1,1,0,1,0,1,0,1,0,1,1,1,0,1,1,1,0,1,0,1,1,1,0,1,1,1,0,0,1,1,0,0,0,1,0,1,0,1,1,1
roberta-base-1B-1_best,1,1,0,1,0,1,1,1,1,1,1,1,0,1,0,1,1,1,0,1,0,0,1,1,0,1,1,1,1,1,1,1,1,1,1,1,1,1,1,1,0,1,0,0,1,1,1,0,1,1,1,0,1,1,0,1,0,1,1,1,0,1,1,0,0,1,0,1,0,1,1,0,1,1,1,0,1,1,0,1,1,1,0,1,1,1,1,1,1,0,1,0,0,0,1,1,0,1,1,1,1,1,0,0,1,1,0,1,0,1,1,1,1,0,0,1,0,1,1,0,1,1,0,0,1,0,1,1,1,1,1,0,1,1,0,1,0,1,0,1,0,1,0,0,1,1,0,1,1,1,1,1,1,0,0,0,1,1,1,1,0,1,1,0,1,1,1,0,0,1,1,1,0,1,0,1,1,1,1,0,1,1,1,1,1,1,1,1,1,1,1,0,1,1,1,0,0,1,1,1,1,1,1,1,0,1,0,1,1,0,0,0,0,0,1,0,1,1,0,1,1,1,1,1,1,1,1,1,1,1,1,1,1,0,1,0,1,1,1,0,1,1,1,1,1,1,1,0,1,1,1,1,1,0,0,1,0,0,1,1,1,0,0,1,0,1,0,0,1,0,1,1,1,0,0,1,1,0,1,1,1,1,1,1,1,1,0,0,1,0,1,1,1,0,1,0,1,1,0,1,0,1,1,1,1,0,1,1,1,1,1,1,0,1,1,1,1,0,1
bert-base-cased_50,1,1,1,1,1,1,1,1,1,1,0,1,1,1,0,1,1,0,0,1,0,0,0,1,0,1,1,1,1,0,0,1,1,1,1,0,1,1,1,0,0,1,1,1,1,1,1,1,1,1,1,1,1,1,0,1,0,0,0,1,1,1,1,1,0,1,1,1,0,0,1,1,1,1,1,0,0,1,0,1,0,1,1,1,1,1,1,1,1,0,1,0,0,0,1,1,0,1,1,1,0,1,1,0,0,1,0,1,1,1,1,1,1,0,1,1,0,0,0,1,1,1,0,0,1,1,0,1,1,1,0,0,1,0,1,1,0,1,0,1,0,1,1,0,1,1,1,1,1,1,1,1,1,1,0,1,1,1,1,1,1,1,1,1,1,1,1,0,1,1,1,0,1,1,1,1,1,1,1,0,1,1,0,1,1,1,1,1,0,1,0,1,1,1,1,0,1,1,1,0,0,1,1,1,0,1,0,1,1,0,0,1,0,0,1,1,1,1,1,1,1,1,1,1,1,1,1,1,1,1,1,0,0,1,1,0,0,0,1,1,1,1,1,1,0,1,1,1,1,0,0,1,1,1,0,1,1,0,1,1,0,1,0,1,0,1,1,0,1,0,0,1,1,1,1,0,1,1,1,0,0,1,0,0,0,0,1,0,0,0,1,1,1,1,1,0,1,1,1,1,0,1,0,1,1,0,1,1,1,1,1,1,0,1,1,1,0,1,1
bert-base-cased_25,0,0,0,1,1,1,1,1,1,0,0,1,1,1,0,1,1,0,1,1,0,0,0,1,1,1,1,1,1,0,0,1,1,1,0,0,1,1,1,0,0,1,1,1,1,1,1,1,1,1,1,1,1,1,0,1,0,0,0,1,1,1,1,1,0,1,1,1,1,0,1,1,1,1,1,0,0,1,0,1,0,1,1,1,1,0,1,1,1,0,1,0,1,0,1,1,0,1,1,1,0,1,1,0,0,1,0,1,1,1,1,1,1,0,0,1,0,0,0,1,1,0,0,1,1,1,0,1,1,1,0,0,1,1,0,1,1,1,0,1,0,1,1,0,1,1,1,1,1,1,0,1,1,1,0,1,1,1,1,1,1,1,0,1,1,1,1,0,1,1,1,1,1,1,1,1,1,1,1,0,1,1,1,1,1,1,1,1,0,1,0,1,1,1,0,0,1,1,1,0,1,1,1,1,0,1,0,1,1,0,1,0,0,0,1,1,1,1,0,1,1,1,0,1,1,1,1,0,1,1,1,1,0,1,1,0,0,0,1,0,1,1,1,1,0,1,1,1,1,0,0,1,1,1,0,1,1,0,1,1,0,1,0,0,0,1,1,0,0,0,0,1,1,1,1,0,1,1,1,0,0,1,0,0,0,0,1,1,0,0,1,1,1,1,1,0,1,1,1,0,0,1,0,0,1,0,1,1,1,1,1,1,0,1,1,1,0,0,1
bert-base-cased_10,1,1,1,1,1,1,1,1,1,0,0,1,1,1,0,1,1,1,1,1,0,0,0,1,0,1,1,1,1,0,0,1,1,1,1,1,1,1,1,1,0,1,1,1,1,1,1,1,1,1,1,1,1,1,0,1,0,0,0,1,1,1,1,1,0,1,1,1,0,0,1,1,1,1,1,0,0,1,0,1,1,1,1,1,1,1,1,1,1,1,1,0,1,0,1,1,0,1,1,1,0,1,1,0,0,1,0,1,1,1,1,1,1,0,0,1,0,0,0,1,1,1,0,1,1,1,0,1,1,1,0,0,1,1,1,1,0,1,0,1,0,1,1,1,1,1,1,1,1,1,0,1,1,1,0,0,1,1,1,1,1,1,1,1,1,1,1,0,1,1,0,1,1,1,1,1,1,1,1,0,1,1,1,1,1,1,1,1,0,0,1,1,1,1,1,0,1,1,1,1,1,1,1,1,0,1,0,1,1,0,0,0,0,0,1,1,0,1,0,1,1,1,1,1,1,1,1,0,1,1,1,0,0,0,1,0,0,0,1,1,1,1,1,1,0,1,1,1,1,0,1,1,1,1,0,1,1,0,1,1,1,1,0,0,0,1,1,0,1,0,0,1,1,1,1,0,1,1,1,0,1,0,0,0,0,1,1,0,0,0,1,1,1,1,1,0,1,1,1,0,0,1,1,1,1,1,1,1,1,1,1,0,0,1,1,1,0,1,1
bert-base-cased_1,1,1,1,1,0,0,1,1,0,0,0,0,0,1,1,0,0,1,1,1,0,0,0,1,0,1,1,0,1,1,0,1,0,1,1,1,1,1,1,0,0,0,0,1,1,0,0,1,1,0,1,1,1,1,0,0,1,1,1,1,1,1,1,1,0,0,1,0,1,0,1,1,1,1,0,0,1,1,0,1,0,1,0,1,1,1,0,1,0,0,1,0,0,1,0,0,0,0,0,0,1,0,0,1,1,1,1,0,1,1,0,1,1,0,0,0,1,0,0,1,1,1,1,1,0,1,0,1,1,1,1,0,1,0,0,1,1,1,1,0,0,1,1,0,0,1,1,0,1,1,1,1,1,0,1,0,1,1,1,1,1,1,0,0,0,1,1,1,1,0,0,1,1,0,0,1,1,1,1,1,0,1,0,1,0,1,1,0,0,1,0,1,0,1,1,1,1,1,0,1,0,1,1,1,1,1,1,1,1,0,0,1,0,1,0,1,1,0,1,0,0,1,0,0,0,0,1,0,1,1,0,1,0,1,1,0,1,1,1,1,0,1,1,0,1,0,1,0,1,0,1,0,1,1,1,1,0,0,1,0,1,1,0,0,1,1,0,0,1,0,0,1,0,0,1,1,0,0,0,0,1,0,0,0,0,1,0,0,0,0,0,0,1,1,0,1,1,0,0,0,0,0,0,1,1,1,1,0,0,1,0,1,0,0,1,1,1,0,0
bert-base-cased_best,1,1,1,1,1,1,1,1,1,1,0,1,1,1,0,1,1,1,1,1,0,0,0,1,0,0,1,1,1,0,0,1,1,1,1,1,1,1,1,0,0,1,1,1,1,1,1,1,1,1,1,1,1,1,0,1,0,0,0,1,1,1,1,1,0,1,1,1,1,0,1,1,1,1,1,0,0,1,0,1,0,1,1,1,1,1,1,1,1,1,1,0,1,1,1,1,0,1,1,1,0,1,0,0,0,1,0,1,1,1,1,1,1,0,1,1,0,0,0,1,1,1,0,1,0,1,0,1,1,1,0,0,1,0,1,1,1,1,0,1,0,1,1,0,1,1,1,1,1,1,0,1,1,0,0,1,1,1,1,1,1,1,0,1,1,1,0,0,1,1,0,1,1,1,1,1,1,1,1,0,1,1,1,1,1,1,1,1,0,1,0,1,1,1,1,0,1,1,1,1,1,1,1,1,0,1,0,1,1,0,1,1,0,0,1,1,1,1,1,1,1,1,1,1,1,1,1,0,1,1,1,0,0,1,1,0,0,1,1,0,1,1,1,1,0,1,1,1,1,0,0,0,1,1,0,1,1,0,1,1,0,1,0,1,0,1,0,0,1,0,0,1,0,1,0,0,1,1,1,0,0,1,0,0,0,1,1,0,1,0,1,1,1,1,1,0,1,1,1,1,0,1,0,1,1,0,1,1,1,1,1,1,0,1,1,1,0,0,1
