userid,san-sim-wiki_679,san-sim-wiki_680,san-sim-wiki_681,san-sim-wiki_682,san-sim-wiki_683,san-sim-wiki_684,san-sim-wiki_685,san-sim-wiki_686,san-sim-wiki_687,san-sim-wiki_688,san-sim-wiki_689,san-sim-wiki_690,san-sim-wiki_691,san-sim-wiki_692,san-sim-wiki_693,san-sim-wiki_694,san-sim-wiki_695,san-sim-wiki_696,san-sim-wiki_697,san-sim-wiki_698,san-sim-wiki_699,san-sim-wiki_700,san-sim-wiki_701,san-sim-wiki_702,san-sim-wiki_703,san-sim-wiki_704,san-sim-wiki_705,san-sim-wiki_706,san-sim-wiki_707,san-sim-wiki_708,san-sim-wiki_709,san-sim-wiki_710,san-sim-wiki_711,san-sim-wiki_712,san-sim-wiki_713,san-sim-wiki_714,san-sim-wiki_715,san-sim-wiki_716,san-sim-wiki_717,san-sim-wiki_718,san-sim-wiki_719,san-sim-wiki_720,san-sim-wiki_721,san-sim-wiki_722,san-sim-wiki_723,san-sim-wiki_724,san-sim-wiki_725,san-sim-wiki_726,san-sim-wiki_727,san-sim-wiki_728,san-sim-wiki_729,san-sim-wiki_730,san-sim-wiki_731,san-sim-wiki_732,san-sim-wiki_733,san-sim-wiki_734,san-sim-wiki_735,san-sim-wiki_736,san-sim-wiki_737,san-sim-wiki_738,san-sim-wiki_739,san-sim-wiki_740,san-sim-wiki_741,san-sim-wiki_742,san-sim-wiki_743,san-sim-wiki_744,san-sim-wiki_745,san-sim-wiki_746,san-sim-wiki_747,san-sim-wiki_748,san-sim-wiki_749,san-sim-wiki_750,san-sim-wiki_751,san-sim-wiki_752,san-sim-wiki_753,san-sim-wiki_754,san-sim-wiki_755,san-sim-wiki_756,san-sim-wiki_757,san-sim-wiki_758,san-sim-wiki_759,san-sim-wiki_760,san-sim-wiki_761,san-sim-wiki_762,san-sim-wiki_763,san-sim-wiki_764,san-sim-wiki_765,san-sim-wiki_766,san-sim-wiki_767,san-sim-wiki_768,san-sim-wiki_769,san-sim-wiki_770,san-sim-wiki_771,san-sim-wiki_772,san-sim-wiki_773,san-sim-wiki_774,san-sim-wiki_775,san-sim-wiki_776,san-sim-wiki_777,san-sim-wiki_778,san-sim-wiki_779,san-sim-wiki_780,san-sim-wiki_781,san-sim-wiki_782,san-sim-wiki_783,san-sim-wiki_784,san-sim-wiki_785,san-sim-wiki_786,san-sim-wiki_787,san-sim-wiki_788,san-sim-wiki_789,san-sim-wiki_790,san-sim-wiki_791,san-sim-wiki_792,san-sim-wiki_793,san-sim-wiki_794,san-sim-wiki_795,san-sim-wiki_796,san-sim-wiki_797,san-sim-wiki_798,san-sim-wiki_799,san-sim-wiki_800,san-sim-wiki_801,san-sim-wiki_802,san-sim-wiki_803,san-sim-wiki_804,san-sim-wiki_805,san-sim-wiki_806,san-sim-wiki_807,san-sim-wiki_808,san-sim-wiki_809,san-sim-wiki_810,san-sim-wiki_811,san-sim-wiki_812,san-sim-wiki_813,san-sim-wiki_814,san-sim-wiki_815,san-sim-wiki_816,san-sim-wiki_817,san-sim-wiki_818,san-sim-wiki_819,san-sim-wiki_820,san-sim-wiki_821,san-sim-wiki_822,san-sim-wiki_823,san-sim-wiki_824,san-sim-wiki_825,san-sim-wiki_826,san-sim-wiki_827,san-sim-wiki_828,san-sim-wiki_829,san-sim-wiki_830,san-sim-wiki_831,san-sim-wiki_832,san-sim-wiki_833,san-sim-wiki_834,san-sim-wiki_835,san-sim-wiki_836,san-sim-wiki_837,san-sim-wiki_838,san-sim-wiki_839,san-sim-wiki_840,san-sim-wiki_841,san-sim-wiki_842,san-sim-wiki_843,san-sim-wiki_844,san-sim-wiki_845,san-sim-wiki_846,san-sim-wiki_847,san-sim-wiki_848,san-sim-wiki_849,san-sim-wiki_850,san-sim-wiki_851,san-sim-wiki_852,san-sim-wiki_853,san-sim-wiki_854,san-sim-wiki_855,san-sim-wiki_856,san-sim-wiki_857,san-sim-wiki_858,san-sim-wiki_859,san-sim-wiki_860,san-sim-wiki_861,san-sim-wiki_862,san-sim-wiki_863,san-sim-wiki_864,san-sim-wiki_865,san-sim-wiki_866,san-sim-wiki_867,san-sim-wiki_868,san-sim-wiki_869,san-sim-wiki_870,san-sim-wiki_871,san-sim-wiki_872,san-sim-wiki_873,san-sim-wiki_874,san-sim-wiki_875,san-sim-wiki_876,san-sim-wiki_877,san-sim-wiki_878,san-sim-wiki_879,san-sim-wiki_880,san-sim-wiki_881,san-sim-wiki_882,san-sim-wiki_883,san-sim-wiki_884,san-sim-wiki_885,san-sim-wiki_886,san-sim-wiki_887,san-sim-wiki_888,san-sim-wiki_889,san-sim-wiki_890,san-sim-wiki_891,san-sim-wiki_892,san-sim-wiki_893,san-sim-wiki_894,san-sim-wiki_895,san-sim-wiki_896,san-sim-wiki_897,san-sim-wiki_898,san-sim-wiki_899,san-sim-wiki_900,san-sim-wiki_901,san-sim-wiki_902,san-sim-wiki_903,san-sim-wiki_904,san-sim-wiki_905,san-sim-wiki_906,san-sim-wiki_907
roberta-base-10M-1_25,1,0,1,0,1,1,1,1,0,0,0,1,0,1,0,0,1,1,0,1,1,1,1,1,0,0,0,0,0,1,0,1,1,0,0,1,0,0,1,0,0,0,0,1,1,1,1,1,1,0,0,0,0,1,1,1,1,0,1,0,0,0,1,0,1,0,1,1,1,1,1,1,0,0,1,1,0,0,0,0,0,0,1,1,1,0,1,0,0,1,1,1,0,1,1,1,1,1,0,0,1,1,0,0,1,1,1,1,0,1,0,0,0,0,1,0,0,0,0,0,0,0,1,0,1,0,0,0,1,1,0,1,1,0,0,1,0,1,0,0,1,1,1,0,0,1,0,1,1,1,0,0,1,1,1,1,0,1,1,0,0,1,1,0,0,1,0,1,0,1,0,0,1,1,1,0,1,0,0,0,0,1,1,0,1,0,1,0,1,1,1,0,0,1,0,0,0,1,0,0,0,1,1,0,0,1,1,1,1,1,1,0,1,0,1,0,1,1,0,1,0,0,1,0,1,1,1,0,0
roberta-base-10M-1_1,0,0,1,1,1,1,0,0,0,0,0,0,0,1,0,0,1,1,0,1,0,1,1,1,0,0,0,0,0,0,0,1,1,0,0,0,0,1,0,0,1,0,0,0,1,0,0,1,0,0,0,1,0,1,0,1,0,1,0,1,0,0,0,0,1,1,0,1,0,0,1,0,0,0,1,1,0,0,0,0,0,0,0,0,0,0,1,1,0,0,0,0,0,0,0,1,0,0,1,0,0,0,0,0,0,1,1,1,0,1,1,0,1,0,1,1,0,0,0,1,0,1,1,0,1,0,0,0,1,1,0,1,0,1,0,1,0,1,0,0,0,1,1,1,1,1,1,1,1,0,0,0,1,1,0,0,0,1,0,0,0,1,1,1,0,1,0,0,0,0,1,1,1,1,0,1,1,0,0,1,1,0,1,0,0,0,0,0,1,0,0,0,0,1,1,1,0,0,1,1,0,0,0,0,0,0,1,1,0,1,1,0,0,0,0,0,0,0,1,1,0,0,1,1,1,1,0,1,0
roberta-base-10M-1_50,1,0,1,1,1,1,1,0,0,0,0,1,0,1,0,1,1,1,0,1,1,1,1,1,0,1,0,0,0,0,0,1,1,0,0,1,0,0,0,0,0,0,0,1,1,1,1,1,1,0,0,0,0,1,1,1,1,1,1,0,0,0,1,0,0,0,1,1,1,1,1,1,0,1,1,1,0,0,0,0,0,0,1,1,0,0,0,0,0,1,1,1,0,1,1,1,1,1,0,0,1,1,0,0,1,1,0,1,0,1,1,0,0,0,1,0,0,0,0,0,0,0,1,0,1,0,0,0,1,1,0,1,0,0,0,0,0,1,0,1,1,1,1,0,0,1,1,1,0,0,0,0,1,1,1,0,0,1,1,0,1,1,1,0,0,1,1,1,1,1,0,0,1,1,1,0,1,0,0,0,1,1,1,1,1,0,1,0,0,1,1,0,1,1,0,0,0,1,0,0,0,1,1,0,1,0,1,0,1,1,1,0,1,1,1,0,1,1,0,1,0,0,1,0,0,0,1,0,1
roberta-base-10M-1_best,1,0,1,1,1,1,1,0,0,0,0,1,0,1,0,1,1,1,0,1,1,1,1,1,0,1,0,0,0,0,0,1,1,0,0,1,0,0,0,0,0,0,0,1,1,1,1,1,1,0,0,0,0,1,1,1,1,0,1,0,0,0,1,0,1,0,1,1,0,1,1,1,0,1,1,1,0,0,0,0,0,1,1,1,0,0,0,0,0,1,1,1,0,1,1,1,1,1,0,0,1,1,0,0,1,1,0,1,0,0,1,0,0,0,1,0,0,0,0,0,0,0,1,0,1,0,0,0,1,1,1,1,0,0,1,1,0,1,0,1,1,1,1,0,0,1,1,1,0,0,0,0,1,1,1,0,0,1,1,0,1,1,1,0,0,1,1,1,1,1,0,0,0,1,1,0,1,1,0,0,0,1,1,1,1,0,1,1,0,1,1,0,1,1,1,0,0,1,0,0,0,1,1,0,0,0,1,0,1,1,1,0,0,0,1,0,1,1,0,1,0,0,1,0,0,0,1,0,1
roberta-base-10M-1_10,1,0,0,1,0,1,1,1,0,0,0,1,0,1,0,0,1,1,0,1,1,0,1,1,0,1,1,0,0,0,0,1,1,0,0,1,0,0,1,1,1,0,0,1,1,1,1,0,0,0,0,0,0,1,1,0,1,0,1,0,0,0,0,0,0,0,1,1,0,0,1,1,0,0,1,1,0,0,0,0,0,0,0,1,0,0,0,0,0,0,1,1,0,1,1,1,1,1,1,0,1,1,0,0,1,1,1,1,0,1,0,0,0,0,1,0,0,0,1,0,0,1,1,0,1,0,1,0,1,0,0,1,1,1,0,0,0,1,0,1,1,1,1,0,0,0,0,1,1,1,0,1,1,1,1,1,0,1,1,0,1,1,1,1,0,0,0,1,1,1,0,0,1,1,0,1,1,1,1,0,0,1,1,0,1,0,1,0,1,1,1,0,1,1,1,0,0,1,0,0,0,0,0,0,0,1,1,1,1,1,1,0,0,1,1,0,1,1,0,1,0,0,1,1,1,1,1,0,0
roberta-med-small-1M-3_25,1,0,0,0,1,1,1,0,0,0,0,1,0,0,0,1,1,1,0,1,1,0,0,1,0,0,0,0,0,0,0,0,1,0,0,1,0,0,1,0,0,0,0,1,1,1,1,0,0,1,0,0,0,1,0,0,0,0,1,0,0,0,0,0,1,0,1,0,0,0,1,0,1,0,1,1,0,0,0,0,0,0,0,0,0,0,0,1,0,1,1,1,0,1,1,0,1,1,0,0,0,0,0,0,1,1,0,0,1,1,1,1,0,0,1,0,0,0,0,0,0,0,1,0,1,0,0,0,1,0,0,1,0,1,0,0,0,1,0,0,1,1,1,0,1,1,1,1,1,0,0,0,1,1,1,0,0,0,1,0,0,0,1,0,0,1,0,0,0,1,0,0,1,0,0,0,1,0,0,0,0,1,1,0,1,0,0,0,0,0,1,0,0,1,1,0,0,1,0,0,0,1,0,0,0,0,1,1,1,1,1,0,1,1,1,0,1,1,0,1,0,0,0,1,1,1,1,0,0
roberta-med-small-1M-3_1,0,0,0,1,1,0,0,0,0,0,0,0,0,1,0,0,1,0,1,0,0,0,1,1,0,0,0,0,0,0,0,0,1,0,0,0,0,0,0,0,1,0,0,0,1,0,1,1,1,0,0,0,0,1,0,0,1,1,0,1,0,0,0,0,0,1,0,0,0,0,1,0,0,0,1,1,1,0,0,0,0,0,1,1,1,0,0,0,0,0,0,1,1,1,0,1,0,0,1,0,0,1,0,0,0,1,1,1,0,0,1,0,1,0,1,1,1,0,0,0,0,1,1,0,0,0,0,0,0,1,0,1,0,0,0,0,0,0,0,0,0,0,1,0,0,1,0,1,0,0,0,0,0,1,1,0,0,1,0,0,0,1,0,1,0,1,0,0,0,0,1,1,0,1,0,0,1,1,1,1,0,0,0,0,1,0,0,0,0,0,1,1,0,0,0,1,0,0,0,0,1,1,1,1,0,0,1,0,0,1,1,0,0,1,0,0,1,1,1,1,0,0,1,1,0,0,0,0,0
roberta-med-small-1M-3_50,1,0,0,0,1,1,1,0,1,0,0,1,0,1,0,1,1,1,0,1,1,0,1,1,0,0,1,0,0,1,0,0,1,0,0,1,0,1,0,0,0,0,0,1,0,1,1,0,0,0,0,0,0,1,0,1,0,0,1,0,0,0,0,0,1,0,1,0,0,0,1,0,1,0,1,1,1,0,0,0,0,0,1,0,0,0,0,0,0,1,1,1,0,1,1,1,1,1,1,0,0,0,0,0,1,1,1,0,1,1,1,0,1,0,1,1,0,0,1,0,0,0,1,0,1,0,0,0,1,0,0,1,0,1,0,0,0,1,0,1,1,1,0,0,1,1,1,1,1,0,0,0,1,1,1,1,1,0,1,0,0,0,1,0,0,1,0,1,0,1,0,0,1,1,0,0,1,0,0,0,0,1,1,0,1,0,0,0,0,0,1,0,0,1,0,0,0,1,0,1,0,1,1,0,0,0,1,1,1,1,1,0,1,1,1,0,1,1,0,1,0,0,1,0,0,1,1,0,0
roberta-med-small-1M-3_best,1,0,0,0,1,1,1,1,0,0,0,1,0,1,0,1,1,1,0,1,1,1,0,1,0,0,0,0,0,1,0,0,1,0,0,1,0,1,0,0,0,0,0,1,0,1,1,0,0,0,0,0,0,1,0,0,0,0,1,0,0,0,0,0,1,0,1,0,0,0,1,1,1,1,1,1,1,0,0,0,0,0,1,0,0,0,1,0,0,1,1,1,0,1,1,1,1,1,1,0,1,0,0,0,1,1,1,0,1,1,1,1,0,0,1,0,0,0,0,0,0,0,1,0,1,0,0,0,1,0,0,1,0,1,1,0,0,1,0,1,1,1,1,0,0,1,1,1,1,0,0,0,1,1,1,1,1,0,1,0,1,0,1,0,0,1,0,1,0,1,0,0,1,1,0,0,1,0,1,0,0,1,1,0,1,1,0,0,0,0,1,0,0,1,0,0,1,1,0,0,0,1,1,0,0,0,1,1,1,1,1,0,0,1,1,0,1,1,0,0,0,0,0,0,0,1,1,0,0
roberta-med-small-1M-3_10,1,0,0,0,0,1,1,0,0,0,0,1,0,0,0,0,1,0,0,0,0,0,1,0,0,0,0,1,0,0,0,0,1,0,0,1,0,0,0,1,0,0,0,0,0,1,1,0,0,0,0,0,0,1,0,0,0,0,1,0,0,0,0,0,1,0,1,0,0,0,1,0,0,0,1,1,0,0,0,0,0,0,0,1,0,1,0,1,0,0,1,1,0,1,1,1,0,1,0,0,0,0,0,0,1,1,1,1,1,1,1,1,0,0,1,0,0,0,0,0,0,0,1,0,1,0,0,0,0,1,0,1,0,1,0,1,0,1,0,0,1,0,1,0,1,1,0,1,1,0,0,0,0,1,1,1,1,1,1,0,0,0,1,0,0,0,0,1,0,0,0,1,0,0,1,0,1,1,1,0,0,1,1,0,0,1,0,0,0,0,1,0,0,1,1,0,1,1,0,0,0,1,0,0,0,1,1,0,0,1,1,1,1,0,1,0,1,1,0,1,0,0,1,1,0,1,0,0,0
roberta-base-100M-1_25,1,1,1,1,1,1,1,0,0,1,0,1,0,1,0,0,1,1,0,1,1,1,1,1,0,1,0,0,0,0,0,1,1,1,1,1,1,1,0,0,0,0,0,1,1,1,1,1,1,0,0,1,0,1,1,1,1,1,1,0,1,0,1,0,0,0,1,1,1,1,1,0,0,1,1,1,0,0,0,0,0,0,1,1,0,0,0,0,0,1,1,0,0,1,1,1,1,1,1,0,1,1,0,0,1,1,0,1,0,1,0,0,1,0,1,0,0,0,0,1,0,0,1,0,0,0,0,0,1,1,1,1,0,1,0,1,0,1,0,1,0,1,1,0,1,1,0,1,1,0,0,1,1,1,1,1,1,1,1,0,1,1,1,1,0,1,1,1,0,1,0,0,1,0,1,0,0,1,1,1,0,1,1,1,1,0,1,1,1,1,1,0,0,1,1,0,0,1,0,0,0,1,1,0,0,0,1,1,1,1,1,0,1,0,1,0,1,1,0,1,0,0,1,0,1,0,1,0,1
roberta-base-100M-1_1,0,0,0,0,1,1,0,0,0,0,0,1,1,0,0,0,1,0,0,1,0,0,1,1,0,0,1,0,0,0,0,1,1,0,1,1,0,1,0,1,1,0,0,1,1,1,1,0,0,0,0,1,1,0,0,1,0,0,0,0,0,0,0,1,1,0,0,0,0,0,0,0,0,0,1,1,1,1,0,0,0,0,0,1,0,1,1,0,0,0,0,0,0,0,1,1,0,1,1,0,0,0,0,0,1,1,1,0,0,0,1,0,1,0,1,1,0,0,1,0,0,1,1,0,1,0,0,0,1,0,0,1,0,0,0,1,0,1,0,0,1,0,1,1,0,1,0,1,1,0,0,1,1,1,1,0,0,1,1,0,0,1,0,0,1,1,0,1,0,0,1,1,0,1,0,0,1,0,0,0,1,0,1,0,0,0,0,0,1,0,0,0,0,1,1,1,0,1,1,1,0,0,0,0,0,0,1,1,1,1,1,0,0,0,0,0,1,1,1,1,0,0,1,0,0,1,0,0,0
roberta-base-100M-1_50,1,1,1,1,1,1,1,0,0,1,0,1,0,1,0,1,1,1,1,1,1,1,1,1,1,1,0,1,0,0,0,1,1,1,1,1,0,1,1,0,0,0,0,1,1,1,1,1,1,1,0,1,0,1,1,1,1,1,1,0,1,1,1,0,0,0,1,1,1,1,1,0,0,1,1,1,0,1,0,0,0,0,1,1,0,0,0,0,0,1,1,0,0,1,1,0,1,1,1,0,1,1,0,0,1,1,0,1,0,0,0,0,1,1,1,0,0,0,0,1,0,0,1,0,0,0,0,0,1,1,1,1,1,1,0,1,0,1,0,1,0,1,1,0,1,1,1,1,0,0,0,1,1,1,1,1,1,1,1,1,1,0,1,1,0,1,1,1,0,1,0,1,1,1,1,0,0,0,0,0,0,1,1,1,1,0,1,1,1,1,1,1,0,1,0,0,1,1,0,0,0,1,1,0,1,0,1,1,1,1,1,0,0,0,1,0,1,1,1,1,0,1,1,1,1,0,1,0,1
roberta-base-100M-1_best,0,0,1,1,1,1,1,0,0,1,0,1,0,1,0,0,1,1,1,1,1,1,1,1,0,1,0,1,1,0,0,1,1,1,1,1,0,1,0,0,0,0,0,1,1,1,1,1,1,1,0,1,0,1,1,1,1,1,1,0,1,1,1,0,0,0,1,1,1,1,1,0,0,1,1,1,0,1,0,0,0,0,1,1,0,0,0,0,0,1,0,0,0,1,1,0,1,1,1,0,1,1,0,0,1,1,0,1,1,1,0,0,1,1,1,0,0,0,0,0,0,0,1,0,0,0,0,0,1,1,1,1,1,1,0,0,0,1,0,1,0,1,1,0,1,1,1,1,0,0,0,1,1,1,1,0,1,1,1,0,1,0,1,1,0,1,1,1,0,1,1,0,1,1,1,0,0,0,0,1,0,0,1,1,1,0,1,1,1,1,1,0,1,1,0,1,1,1,0,0,0,1,1,0,1,0,1,1,1,1,1,0,0,0,1,0,1,1,1,1,0,1,1,0,1,0,1,0,1
roberta-base-100M-1_10,1,0,1,1,1,1,1,0,0,0,0,1,0,1,0,0,1,1,1,1,1,0,1,1,0,1,1,0,0,0,0,1,1,0,0,1,0,1,0,0,0,0,0,1,1,1,1,1,1,1,1,1,0,1,1,1,1,0,1,0,1,0,0,0,1,0,1,0,1,0,1,0,0,0,1,1,1,0,0,0,0,0,0,1,0,0,1,0,0,1,1,1,0,1,1,0,1,1,0,0,1,1,0,0,1,1,0,1,0,0,0,1,0,0,1,0,0,0,0,0,0,0,1,0,1,0,0,0,1,1,0,1,0,0,0,0,0,1,0,1,0,1,1,0,0,1,0,1,1,0,0,0,1,1,1,1,1,1,1,0,1,1,1,0,0,1,1,1,0,1,1,0,1,0,1,0,1,1,1,0,1,1,1,1,1,0,1,0,1,1,1,0,1,1,1,0,0,1,0,1,0,0,0,0,0,0,1,1,1,1,1,0,1,0,1,0,1,1,1,1,0,0,1,1,1,1,1,0,0
roberta-base-100M-2_25,0,0,1,1,1,1,1,1,0,1,0,1,0,1,0,0,1,1,1,1,1,1,1,1,0,1,0,1,0,0,0,1,1,0,1,1,1,1,1,1,1,0,0,1,1,1,1,1,1,1,0,1,0,1,1,1,1,0,1,0,1,0,1,0,1,0,1,1,1,0,1,1,0,1,1,1,0,1,0,0,0,1,1,1,0,0,0,0,0,1,0,0,0,1,1,1,1,1,0,0,1,1,0,0,1,1,1,1,0,1,1,0,0,0,1,0,0,0,0,0,0,1,1,0,1,0,0,0,1,1,0,1,0,1,1,0,0,1,0,1,0,1,1,1,0,1,1,1,1,0,0,1,1,1,1,1,1,1,1,1,1,1,1,0,0,1,1,1,0,1,0,1,1,1,1,0,1,1,0,0,0,0,1,1,1,0,1,1,1,1,1,0,0,1,0,0,0,1,0,0,1,1,1,0,0,0,1,1,1,1,1,0,0,0,0,0,1,1,1,1,0,0,1,1,1,0,1,0,1
roberta-base-100M-2_1,1,0,0,0,1,1,1,0,0,0,0,1,0,1,0,0,1,0,0,1,0,0,1,1,0,0,0,0,0,0,0,1,0,0,0,1,0,0,0,0,1,0,0,1,1,1,1,0,0,0,0,0,0,1,0,0,0,0,0,0,0,0,0,0,1,0,0,0,0,0,1,0,1,0,1,1,1,0,0,0,0,0,0,0,1,0,0,0,0,0,0,0,0,1,1,1,1,1,1,0,0,0,0,0,1,1,1,0,0,0,1,0,0,0,1,0,0,0,0,0,0,0,1,0,1,0,0,0,1,0,0,1,0,1,0,1,0,1,0,0,1,1,0,1,0,1,0,1,1,0,0,0,1,1,1,1,0,0,1,0,0,1,1,1,0,1,0,1,0,1,1,1,1,1,0,0,0,0,0,0,0,0,1,0,1,0,0,0,1,0,1,0,0,1,1,1,0,1,0,0,0,1,0,0,0,1,1,1,1,1,0,0,1,1,0,0,1,1,0,1,0,0,1,0,0,1,1,0,0
roberta-base-100M-2_50,0,0,1,1,1,1,1,0,0,1,0,1,0,1,1,0,1,1,1,1,1,1,1,1,0,1,0,1,1,0,0,1,1,1,1,1,1,1,1,0,0,0,0,1,1,1,1,1,1,1,0,1,0,1,1,1,1,1,1,0,1,1,1,0,0,0,1,1,1,1,1,1,0,1,1,1,0,1,0,0,0,1,1,1,0,0,0,0,0,1,0,0,0,1,1,0,1,1,0,0,1,1,1,0,1,0,0,1,0,1,1,0,0,1,0,0,1,0,0,1,0,0,1,0,0,0,0,0,1,1,1,1,1,1,0,0,0,1,0,1,0,1,0,0,1,1,1,1,1,0,0,1,0,1,1,1,1,1,1,1,1,1,1,0,0,1,1,1,0,1,0,0,1,1,1,1,0,1,0,0,0,0,1,1,1,0,1,1,1,1,1,1,0,1,0,0,1,1,0,0,1,1,1,0,0,0,1,1,1,1,1,0,0,0,0,0,1,1,1,1,0,1,1,1,1,0,1,0,1
roberta-base-100M-2_best,1,0,1,1,1,1,1,0,0,1,0,1,0,1,1,0,1,1,1,1,1,1,1,1,0,1,0,1,0,0,0,1,1,1,1,1,1,1,1,0,1,0,0,1,1,1,1,1,1,1,0,1,0,1,1,1,1,1,1,0,1,0,1,0,0,0,1,1,1,1,1,1,0,1,1,0,0,1,0,0,0,1,1,1,0,0,0,0,0,1,0,0,0,1,1,0,1,1,0,0,1,1,1,0,1,0,0,1,1,0,1,0,0,0,0,0,1,0,0,1,0,0,1,0,0,0,0,0,1,1,1,1,1,1,1,0,0,1,0,1,0,1,1,0,1,1,1,1,1,0,0,1,1,1,1,0,1,1,1,1,1,1,1,1,0,1,1,1,0,1,1,1,1,1,1,0,0,1,0,0,0,0,1,1,1,0,1,0,1,1,1,0,0,1,0,0,1,1,0,0,1,1,1,0,0,0,1,1,1,1,1,0,1,0,0,0,1,1,1,1,0,1,1,0,1,0,1,0,1
roberta-base-100M-2_10,1,0,1,1,1,1,1,1,0,1,0,0,0,1,1,0,1,1,1,1,1,1,1,1,0,1,0,1,0,0,0,1,1,0,0,1,1,1,0,0,0,0,0,1,1,1,1,1,1,0,0,1,0,1,1,1,1,0,1,0,1,0,1,0,1,0,1,1,1,0,1,1,0,1,1,1,0,0,0,0,0,1,1,1,0,0,0,0,0,1,0,0,0,1,1,1,1,1,0,0,1,1,0,0,1,1,1,1,0,0,1,0,0,0,1,0,1,0,0,0,0,0,1,0,1,0,0,0,1,1,0,1,0,1,0,1,0,1,0,1,0,1,1,1,1,1,1,1,1,0,0,1,1,1,1,1,1,1,1,0,1,0,1,1,0,1,1,1,0,1,0,0,1,1,1,0,1,1,0,0,1,0,1,0,1,1,1,1,1,1,1,0,1,1,0,0,0,1,0,0,0,1,1,0,0,0,0,1,1,1,1,0,0,0,0,0,1,1,0,1,0,0,1,0,0,1,1,0,1
roberta-base-1B-3_25,0,0,1,1,1,1,1,0,0,1,0,1,0,1,1,0,1,1,1,1,1,1,1,1,0,1,1,1,0,1,0,1,1,0,1,1,0,1,0,0,0,0,0,1,1,1,1,1,1,1,0,1,0,1,1,1,1,1,1,0,1,0,1,1,0,0,1,1,1,1,1,0,0,1,1,1,0,1,0,0,0,1,1,0,0,0,0,0,0,1,0,0,0,1,1,0,1,1,0,0,1,1,1,0,1,0,0,1,1,0,0,0,1,1,1,1,1,0,0,1,1,0,1,0,1,0,0,0,1,1,1,1,1,1,0,1,0,1,0,1,0,1,0,0,1,1,1,1,1,0,0,1,1,1,1,1,1,1,1,1,1,1,1,1,0,1,1,1,0,1,1,0,1,1,1,0,1,0,0,0,1,1,1,1,1,0,1,1,1,1,1,0,0,0,0,0,0,1,0,0,0,1,1,0,0,0,1,1,1,1,1,0,0,0,1,0,1,1,0,1,0,0,1,1,1,1,1,0,1
roberta-base-1B-3_1,1,0,0,0,1,1,1,0,0,0,0,1,0,1,0,0,1,0,0,1,0,0,1,1,0,0,0,0,0,0,0,1,1,0,0,1,0,1,0,0,1,0,0,1,1,1,1,0,0,0,0,0,0,1,0,0,0,0,0,1,0,0,0,0,1,1,1,0,0,0,1,0,0,0,1,1,1,0,0,0,0,0,0,0,0,0,1,0,0,0,0,0,0,1,1,1,1,1,1,0,0,0,0,0,1,1,1,0,0,0,1,0,1,0,1,1,0,0,1,0,0,0,1,0,1,0,0,0,1,0,0,1,0,1,0,1,0,1,0,0,1,1,1,1,0,1,0,0,1,0,0,0,1,1,1,1,0,0,1,0,0,1,1,1,1,1,0,1,0,1,1,1,1,0,0,0,0,0,0,0,1,0,1,0,1,0,0,0,0,0,0,0,0,1,1,1,0,0,1,1,0,1,0,0,0,0,0,1,0,1,1,0,0,0,0,0,1,1,0,1,0,0,1,0,1,1,1,0,0
roberta-base-1B-3_50,0,0,1,1,1,1,1,0,0,1,0,1,0,1,0,0,1,1,1,1,1,1,1,1,0,1,0,1,1,1,0,1,1,0,1,1,1,1,1,1,1,0,0,1,1,1,1,1,1,1,0,1,0,1,1,1,1,1,1,0,1,1,1,1,0,0,1,1,1,1,1,0,0,1,1,1,0,1,0,0,0,1,1,0,0,0,0,1,0,1,1,0,0,1,1,0,1,1,0,0,1,1,0,0,1,0,0,1,1,1,1,0,1,0,1,0,0,0,0,1,0,0,1,0,1,0,0,0,1,1,1,1,1,1,0,0,0,1,0,1,0,1,1,0,1,1,1,1,1,0,0,1,1,1,1,1,1,1,1,0,1,1,1,1,0,1,1,1,0,1,1,1,1,1,1,0,0,0,0,0,1,1,1,1,1,1,1,1,0,1,1,0,0,0,0,1,0,1,0,0,0,1,1,0,1,0,1,1,1,1,1,1,0,0,1,1,1,1,0,1,0,1,1,1,1,0,1,0,1
roberta-base-1B-3_best,0,0,1,1,1,1,1,0,0,1,0,1,0,1,0,1,1,1,1,1,1,1,1,1,0,1,1,1,1,1,0,1,1,1,1,1,1,1,1,1,1,0,0,1,1,1,1,1,1,1,0,1,0,1,1,1,1,1,1,0,1,1,1,1,0,0,1,1,1,1,1,1,0,1,1,1,0,1,0,0,0,1,1,0,0,1,0,1,0,1,1,0,0,1,1,0,1,1,0,0,1,1,0,0,1,0,0,1,1,1,0,0,0,1,0,0,0,1,0,1,1,0,1,0,0,0,0,0,1,1,1,1,1,1,1,0,0,1,0,1,0,1,0,0,1,1,1,1,1,0,0,1,0,1,1,0,1,1,1,0,1,0,1,1,0,1,1,1,1,1,1,1,1,1,1,0,0,0,0,0,0,0,0,1,1,0,1,1,0,1,1,0,0,0,0,0,0,1,0,0,0,1,1,0,1,0,1,1,1,1,1,0,0,0,1,1,1,1,1,1,1,1,1,1,1,0,1,0,1
roberta-base-1B-3_10,0,1,1,1,1,1,1,0,0,1,1,1,0,1,1,0,1,1,0,1,1,1,1,1,0,1,1,1,1,0,0,1,1,0,1,1,0,1,1,0,0,0,0,1,1,1,1,1,1,1,0,1,0,1,1,1,1,1,1,0,1,0,1,0,0,0,1,1,1,1,1,0,0,1,1,1,0,1,0,0,0,0,1,1,0,0,0,0,0,1,1,0,0,1,1,0,1,1,0,0,1,1,0,0,1,1,0,1,1,1,1,0,1,1,1,0,1,0,0,1,0,0,1,0,0,0,0,0,1,1,1,1,1,1,0,0,0,1,0,1,0,1,1,1,1,1,1,1,1,0,0,1,0,1,1,1,1,1,1,0,1,0,1,1,0,1,1,1,0,1,0,1,1,1,1,0,1,0,0,0,0,0,1,0,1,0,1,1,1,1,1,0,0,1,0,1,0,1,0,0,1,1,1,0,1,0,1,0,1,1,1,0,0,0,1,1,1,1,0,1,0,1,1,1,1,1,1,0,1
roberta-base_25,1,0,1,1,1,1,1,0,1,1,0,1,0,1,1,0,1,1,1,1,0,1,1,1,0,1,0,1,0,0,0,1,1,0,1,1,1,1,1,0,0,0,0,1,1,1,1,1,1,1,0,1,0,1,1,1,1,1,1,0,1,1,1,1,0,0,1,1,1,1,1,1,0,1,1,1,0,1,0,0,0,1,1,0,0,1,0,0,0,1,1,0,0,1,1,0,1,1,0,0,1,1,0,0,1,0,0,1,1,0,0,0,1,0,1,0,1,0,0,1,0,0,1,0,1,0,0,0,1,1,1,1,1,1,0,1,0,1,0,1,0,1,1,0,0,1,1,1,1,0,0,1,0,1,1,1,1,1,1,0,1,0,1,1,0,1,1,1,0,1,1,1,1,1,1,0,0,0,0,0,0,0,1,1,1,0,1,1,1,1,1,0,0,1,0,1,0,1,0,0,0,1,1,0,1,0,1,1,1,1,1,1,1,0,1,1,1,1,1,1,0,0,1,1,1,0,1,0,1
roberta-base_1,1,0,0,0,1,1,1,0,0,0,0,1,1,1,1,0,1,0,0,1,0,0,1,1,0,0,0,0,0,0,0,1,1,0,0,1,0,1,0,1,1,1,0,1,0,1,1,0,0,0,0,0,1,1,0,0,0,0,1,1,0,0,0,0,1,1,0,0,0,0,1,0,0,0,1,1,0,0,0,0,0,0,0,0,0,1,1,0,0,0,1,0,0,1,1,1,1,1,1,0,0,0,0,0,1,1,1,0,1,0,1,1,1,0,1,0,0,0,1,0,0,1,1,0,1,0,1,0,1,0,0,1,0,1,0,1,0,1,0,0,1,1,1,1,0,1,0,1,1,0,0,0,1,1,1,1,0,0,1,0,0,1,1,1,1,1,0,1,0,1,1,1,1,1,0,0,0,0,1,0,1,1,0,0,1,0,0,0,1,0,1,0,0,1,1,1,0,1,0,1,0,1,0,0,0,1,1,1,1,1,1,0,1,1,0,0,1,1,0,1,0,0,1,0,0,1,1,0,0
roberta-base_50,1,0,1,1,1,1,1,0,0,1,0,1,0,1,0,0,1,1,1,1,0,1,1,1,1,1,0,1,1,0,0,1,1,1,1,1,1,1,1,0,1,0,0,1,1,1,1,1,1,1,0,1,0,1,1,1,1,1,1,0,1,1,1,1,0,0,1,1,1,1,1,1,0,1,1,1,0,1,0,1,0,1,1,0,0,1,0,0,0,1,1,0,0,1,1,0,1,1,0,0,1,1,0,0,1,0,0,1,1,0,1,0,1,0,0,0,1,0,1,1,0,0,1,0,1,0,1,0,1,1,1,1,1,1,0,1,1,1,0,0,0,1,1,0,0,1,1,1,1,0,0,1,0,1,1,0,1,1,0,0,0,1,1,1,0,1,1,1,0,1,1,0,1,1,1,0,0,0,0,0,0,0,1,1,1,0,0,1,0,1,1,0,1,1,0,1,0,1,0,0,0,1,1,0,1,0,1,1,1,1,1,0,1,0,1,1,1,1,1,1,0,1,1,1,1,0,1,0,1
roberta-base_best,1,0,1,1,1,1,1,0,0,1,0,1,0,1,0,0,1,1,1,1,0,1,1,1,1,1,1,1,0,0,0,1,0,1,1,1,1,1,1,0,1,0,0,1,1,1,1,1,1,1,0,1,0,1,1,1,1,1,1,0,1,1,1,1,0,0,1,1,1,1,1,1,0,1,1,1,0,1,0,0,0,1,1,0,0,0,0,1,0,1,0,0,0,1,1,0,1,1,0,1,1,1,0,0,1,0,0,1,1,1,1,0,0,1,0,0,1,0,1,1,1,0,1,0,1,0,1,0,1,1,1,1,1,1,0,1,1,1,0,0,0,1,1,1,0,1,1,1,1,0,0,1,0,1,1,1,1,1,1,0,1,1,1,1,0,1,1,1,0,1,1,1,1,1,1,0,0,0,0,0,0,0,0,1,1,0,1,1,1,1,1,0,1,1,0,1,0,1,0,0,0,1,1,0,1,0,1,1,1,1,1,0,0,0,1,1,1,1,1,1,0,0,1,1,1,0,1,0,1
roberta-base_10,1,0,1,1,0,1,1,0,0,1,0,0,0,0,0,1,1,1,1,1,1,1,1,1,0,1,0,1,1,0,0,0,1,0,1,1,1,1,1,0,0,0,0,1,1,1,1,1,1,1,0,1,0,1,1,1,1,1,1,0,1,0,1,1,0,0,1,1,1,1,1,1,0,1,1,1,0,1,1,0,0,1,1,0,0,0,0,0,0,1,1,0,0,1,1,0,1,0,0,0,1,1,0,0,1,0,0,1,1,1,0,0,1,0,1,0,0,1,0,1,1,0,1,0,1,0,0,0,1,1,1,1,1,1,0,0,1,1,0,0,0,1,0,0,1,1,1,1,1,0,0,1,0,1,1,1,1,1,1,0,1,0,1,1,0,1,1,1,0,1,1,1,1,0,1,0,0,0,0,0,0,0,0,1,1,0,1,1,1,1,1,0,1,0,0,1,0,1,0,0,0,1,1,0,0,0,1,1,1,1,1,0,1,0,1,0,1,1,1,1,0,1,1,0,1,0,1,0,1
roberta-base-1B-2_25,1,0,1,1,1,1,1,0,0,1,0,1,0,1,1,0,1,1,1,1,1,1,1,1,0,1,1,1,0,0,0,1,1,0,1,1,1,1,1,0,0,0,0,1,1,1,1,1,1,1,0,1,0,1,1,1,1,1,1,0,1,1,1,0,0,0,1,1,1,1,1,0,0,1,1,1,0,1,0,0,0,1,1,1,0,0,1,1,0,1,0,0,0,1,1,1,1,1,0,0,1,1,0,0,1,0,0,1,1,1,0,0,1,0,1,0,0,0,0,0,0,0,1,0,1,0,0,0,1,1,1,1,1,1,0,1,0,1,0,1,0,1,1,0,1,1,1,1,1,0,0,0,0,1,1,1,1,1,0,1,1,0,1,0,0,1,1,1,0,1,0,1,1,1,1,0,0,0,0,0,0,1,1,1,1,0,1,1,1,1,1,0,0,1,0,0,0,1,0,0,0,1,1,0,0,0,1,1,1,1,1,1,1,0,0,0,1,1,0,1,0,1,1,0,1,0,1,0,1
roberta-base-1B-2_1,1,0,0,0,1,1,0,0,0,0,0,0,0,1,0,0,1,0,0,1,0,0,1,1,0,0,0,0,0,0,0,1,1,0,0,1,1,1,0,0,1,0,0,1,1,1,1,0,0,0,0,0,1,1,0,0,0,0,0,1,0,0,0,0,1,1,0,1,0,0,1,0,1,0,1,1,1,0,1,0,0,0,0,0,0,0,1,1,0,0,0,0,0,1,1,1,1,1,1,0,0,0,0,0,1,1,1,0,1,1,1,0,1,0,1,1,0,0,1,0,1,1,1,0,1,0,0,0,1,0,0,1,0,1,0,1,0,1,0,1,0,1,1,1,1,1,0,1,0,0,1,1,1,1,1,0,0,1,1,0,0,1,1,1,0,1,0,1,0,1,1,1,0,1,0,0,1,0,1,0,1,0,1,0,0,0,0,0,0,0,0,0,0,1,1,0,1,1,1,1,0,1,0,0,0,0,1,1,1,1,1,0,0,0,0,0,1,0,1,1,0,0,1,1,1,1,0,0,0
roberta-base-1B-2_50,0,0,1,1,1,1,1,0,0,1,0,1,0,1,1,0,1,1,1,1,1,1,1,1,0,1,1,0,0,0,0,1,1,0,1,1,1,1,1,0,1,0,0,1,1,1,1,1,1,1,0,1,0,1,1,1,1,1,1,0,1,0,1,1,0,0,1,1,1,1,1,0,0,1,1,1,0,1,0,0,0,0,1,0,0,0,0,1,0,1,0,0,0,1,1,1,1,1,0,0,1,1,0,0,1,0,1,1,1,0,0,0,1,0,1,0,0,0,0,0,0,0,1,0,0,0,0,0,1,1,1,1,1,1,0,1,0,1,0,1,0,1,1,0,0,1,0,1,1,0,0,0,0,1,1,1,1,1,1,1,1,1,1,0,0,1,1,1,0,1,1,1,1,1,1,0,0,1,0,0,0,1,1,1,1,0,1,1,0,1,1,0,0,1,0,0,1,1,0,0,0,1,1,0,0,0,1,1,1,1,1,0,1,0,0,0,1,1,0,1,0,0,1,0,1,0,1,0,1
roberta-base-1B-2_best,1,0,1,1,1,1,1,0,0,1,0,1,0,1,0,0,1,1,1,1,1,1,1,1,0,1,1,1,1,0,0,1,1,0,1,1,1,1,1,0,1,0,0,1,1,1,1,1,1,1,0,1,0,1,1,1,1,1,1,0,1,1,1,1,0,0,1,1,1,1,1,0,0,1,1,1,0,1,0,0,0,0,1,0,0,0,0,0,0,1,0,0,0,1,1,1,1,1,0,0,1,1,0,0,1,0,0,1,1,0,1,0,1,0,1,0,0,0,0,0,0,0,1,0,1,0,0,0,1,1,1,1,1,1,0,0,0,1,0,1,0,1,0,0,0,1,0,1,1,0,0,0,0,1,1,1,1,1,1,1,1,1,1,0,0,1,1,1,0,1,1,0,1,1,1,0,0,0,0,0,0,1,1,1,1,0,1,1,0,1,1,0,0,1,0,0,1,1,0,0,0,1,1,0,0,0,1,1,1,1,0,0,1,0,0,0,1,1,1,1,0,1,1,0,1,0,1,0,1
roberta-base-1B-2_10,1,0,1,1,0,1,1,1,0,1,0,1,0,1,0,1,1,1,1,1,0,1,1,1,0,1,1,1,0,0,0,1,1,0,1,1,0,1,1,0,0,0,0,1,1,1,1,1,1,1,0,1,0,1,1,1,1,1,1,0,0,0,1,1,1,0,1,1,1,1,1,0,0,1,1,1,0,1,0,0,0,1,1,1,0,0,0,0,1,1,0,0,0,1,1,1,1,0,1,0,1,1,0,0,1,0,0,1,0,1,1,0,1,1,1,0,1,0,0,0,0,0,1,0,1,0,0,0,1,1,1,1,0,1,1,1,0,1,0,1,0,1,0,0,1,1,1,1,1,0,0,1,0,1,1,1,1,1,1,0,1,1,1,0,0,1,1,1,0,1,0,1,1,0,1,0,1,0,0,0,0,0,1,1,1,0,1,1,1,1,1,0,0,1,0,0,0,1,0,0,0,1,1,0,0,0,1,0,1,1,1,0,1,0,1,0,1,1,1,1,0,1,1,1,1,0,1,0,1
roberta-med-small-1M-1_25,1,0,0,0,1,1,1,0,0,0,0,1,0,0,1,1,1,1,1,0,1,0,1,1,0,0,0,0,0,1,0,0,1,0,0,1,0,1,0,0,0,0,0,1,0,1,1,0,0,0,0,0,0,1,0,0,0,0,1,0,0,0,1,0,1,0,1,0,0,0,1,0,0,0,1,1,1,0,0,0,0,0,0,0,0,0,0,1,0,0,1,1,0,1,1,1,0,1,1,0,0,0,0,0,1,1,0,0,1,1,1,0,0,0,1,0,0,0,0,0,0,1,1,0,1,0,0,0,1,0,0,1,0,0,0,0,0,1,0,0,1,1,1,0,1,1,1,1,1,0,0,0,0,1,1,1,1,0,1,0,0,0,1,0,0,1,0,1,0,1,0,0,1,0,0,0,1,1,0,0,0,1,1,0,1,1,0,0,0,0,1,0,0,1,0,0,0,1,0,0,0,1,0,0,0,1,1,0,1,0,1,1,1,1,1,0,1,1,0,1,0,0,1,0,1,1,1,0,0
roberta-med-small-1M-1_1,0,0,0,0,1,1,0,0,0,0,0,0,0,1,0,0,1,0,1,1,0,0,0,0,0,0,0,0,0,1,0,1,1,0,0,1,0,0,0,0,1,0,1,0,0,0,1,0,0,0,0,0,1,0,0,0,0,0,0,0,1,0,0,0,1,1,0,0,0,0,1,0,0,0,1,1,1,0,0,0,0,1,0,0,0,0,1,0,0,1,0,1,0,1,0,1,1,1,1,0,0,0,0,0,0,1,1,0,1,0,1,0,1,1,1,1,0,0,0,0,0,1,0,0,0,0,0,0,1,0,0,0,0,0,0,1,1,1,0,0,0,1,1,1,1,0,0,1,1,1,0,0,0,0,1,0,0,0,0,0,0,1,1,0,0,1,0,0,0,0,1,1,0,1,0,0,1,1,1,0,1,0,0,0,1,0,0,0,0,0,0,0,0,1,0,1,0,0,1,1,1,1,0,1,0,1,0,0,0,0,1,0,0,0,0,0,1,1,0,0,0,0,0,0,0,1,0,0,0
roberta-med-small-1M-1_50,1,0,1,0,1,1,1,1,0,0,0,1,0,0,0,1,1,1,0,0,1,0,0,1,1,0,0,0,0,1,0,0,1,0,0,1,0,0,0,0,0,0,0,1,1,1,1,0,0,0,0,0,0,1,0,1,0,1,1,0,0,1,1,0,1,0,1,0,0,1,1,0,0,0,1,1,1,0,0,0,0,0,0,0,0,0,0,0,0,0,0,1,0,1,1,1,1,1,1,0,0,0,0,0,1,1,1,0,1,0,1,0,0,0,1,0,0,0,0,0,0,1,1,0,1,0,0,0,1,0,0,1,0,0,1,0,0,0,0,0,1,1,1,0,0,0,1,1,1,0,0,0,0,1,1,1,0,0,1,0,1,0,1,0,0,1,0,0,1,1,0,0,1,0,0,0,1,1,0,0,0,0,1,0,1,1,0,0,0,0,1,0,0,1,0,0,0,1,0,0,0,1,0,0,0,1,0,0,1,1,0,1,1,1,1,0,1,1,0,1,0,0,0,0,1,1,1,0,0
roberta-med-small-1M-1_best,1,0,0,0,1,1,1,1,0,0,0,1,0,0,0,1,1,1,1,1,1,0,1,1,0,0,0,0,0,1,0,0,1,0,0,1,0,0,0,0,0,0,0,1,1,1,1,0,0,0,0,0,0,1,0,1,0,0,1,0,0,1,1,0,1,0,1,0,0,1,1,0,1,0,1,1,1,0,0,0,0,0,1,0,0,0,1,0,0,1,1,1,0,1,1,1,1,1,1,0,1,0,0,0,1,1,1,0,1,1,1,0,0,0,1,0,0,0,0,0,0,0,1,0,1,0,0,0,1,0,0,1,0,0,0,0,0,1,0,0,0,1,0,0,0,0,1,1,1,0,0,0,0,1,1,1,0,0,1,0,1,0,1,0,0,0,0,1,1,1,0,0,1,0,0,0,0,0,1,0,0,0,1,0,1,1,1,0,0,0,1,0,1,1,0,0,0,1,0,0,0,1,1,0,0,1,1,0,1,1,0,0,1,1,1,0,1,1,0,1,0,0,0,0,1,1,1,0,0
roberta-med-small-1M-1_10,1,0,0,0,1,1,1,0,0,0,0,0,0,1,0,0,1,1,0,0,0,0,1,1,0,0,0,0,0,0,0,0,0,0,0,0,0,0,0,1,0,0,0,0,1,0,1,0,0,0,0,0,1,0,0,1,0,0,1,1,0,0,0,0,1,0,1,0,0,0,1,1,1,0,1,1,0,1,0,0,0,0,0,0,0,1,0,1,0,0,0,1,0,1,0,1,0,1,1,0,0,0,0,0,0,1,1,0,1,1,1,1,0,0,1,0,0,0,0,0,0,0,1,0,1,0,0,0,0,0,0,0,0,0,0,0,0,1,0,0,1,1,0,0,1,1,0,1,1,0,0,0,1,1,1,0,1,0,1,0,0,1,1,0,0,0,0,1,0,0,0,1,0,0,0,1,0,1,0,0,1,1,0,0,0,0,0,0,0,0,1,0,0,1,0,0,0,1,0,0,0,1,0,0,0,1,1,0,0,1,1,1,1,0,1,0,1,1,0,1,0,0,1,0,1,1,1,0,0
roberta-large_25,1,0,1,1,1,1,1,0,0,1,1,1,0,1,1,1,1,1,1,1,1,1,1,1,1,1,1,1,0,0,0,0,1,1,1,1,0,1,1,1,1,0,0,1,1,1,1,1,1,1,0,1,0,1,1,1,1,1,1,0,1,1,1,1,0,0,1,1,1,1,1,1,0,1,1,1,0,1,1,1,0,1,1,0,0,0,0,0,0,1,1,0,0,1,1,0,1,1,0,0,1,1,0,1,1,0,0,1,1,0,0,0,0,0,1,1,1,1,1,1,0,0,1,0,0,0,0,0,1,1,1,1,1,1,0,1,1,1,0,1,0,1,1,1,1,1,1,1,1,0,0,1,0,1,1,1,1,1,1,0,1,0,1,1,0,1,1,1,0,1,1,1,1,1,1,1,0,1,0,1,0,1,1,1,1,0,1,1,0,1,1,0,1,1,0,1,1,1,0,0,1,1,1,0,0,0,0,1,1,1,1,1,1,0,1,1,1,1,0,1,1,1,1,0,1,1,1,0,1
roberta-large_1,0,0,0,0,0,1,1,0,0,0,0,1,1,1,1,0,1,0,0,1,0,0,1,1,0,0,1,0,0,1,0,1,1,0,0,1,0,1,0,1,1,0,0,1,1,1,0,0,0,0,0,1,1,1,0,0,1,1,1,1,1,1,1,0,1,1,1,0,0,0,1,0,0,0,0,1,0,0,0,0,0,0,1,0,0,1,1,1,0,0,1,1,0,1,1,1,1,0,1,0,1,0,0,0,1,1,1,0,1,1,1,0,1,0,1,1,0,0,0,0,0,1,1,0,1,0,1,0,1,0,0,0,0,1,1,1,0,1,0,0,1,0,1,1,0,1,0,1,1,1,0,1,1,1,1,1,0,1,1,1,0,1,1,1,0,1,0,1,0,1,1,1,1,1,0,0,1,1,0,0,1,1,0,0,0,0,0,0,0,0,1,0,0,1,1,1,0,1,1,1,0,1,0,0,0,1,1,1,0,1,1,0,0,0,1,0,1,1,0,1,0,0,0,1,1,1,1,0,0
roberta-large_50,1,0,1,1,1,1,1,0,0,1,0,0,0,1,1,1,1,1,0,1,1,1,1,1,0,1,1,1,1,0,0,1,1,0,1,1,0,1,1,0,1,0,0,1,1,1,1,1,1,1,0,1,0,1,1,1,1,1,1,0,1,1,1,0,0,0,1,0,1,1,1,0,0,1,1,1,0,1,0,0,0,0,1,0,0,0,0,0,0,1,0,0,0,1,1,0,1,1,0,0,1,1,0,0,1,0,0,1,1,0,1,0,1,1,1,1,1,1,1,1,0,1,1,0,0,0,1,0,1,1,1,1,1,1,0,1,1,1,0,0,0,1,0,1,1,1,1,1,1,0,0,1,0,1,1,1,1,1,1,0,1,1,1,1,0,1,1,1,0,1,1,1,1,1,1,1,0,0,0,1,1,1,1,1,1,0,1,1,0,1,1,0,1,1,0,1,0,1,0,0,0,1,1,0,0,0,1,1,1,1,1,0,1,0,1,1,1,1,1,1,0,1,1,0,1,1,1,0,1
roberta-large_best,1,0,1,1,1,1,1,0,0,1,0,0,0,1,1,1,1,1,0,1,1,1,1,1,0,1,1,1,1,0,0,1,1,1,1,1,0,1,1,0,1,0,0,1,1,1,1,1,1,1,0,1,0,1,1,1,1,1,1,0,1,1,1,0,0,0,1,1,1,1,1,0,0,1,1,1,0,1,0,1,0,1,1,0,0,0,0,1,0,1,0,0,0,1,1,0,1,1,0,0,1,1,0,0,1,0,0,1,1,0,1,0,1,0,1,1,1,1,1,1,0,0,1,0,1,0,0,0,1,1,1,1,1,1,0,1,1,1,0,0,0,1,1,1,1,1,1,1,1,0,0,0,0,1,1,1,1,1,0,0,1,1,1,1,1,1,1,1,1,1,1,1,1,1,1,1,0,0,0,1,0,0,1,1,1,1,1,1,0,1,1,0,1,1,0,1,0,1,0,0,0,1,1,0,0,0,1,1,1,1,1,0,0,0,0,1,1,1,1,1,1,1,1,1,1,1,1,0,1
roberta-large_10,1,0,1,1,1,1,1,0,1,1,1,1,0,1,1,0,1,1,0,1,1,1,1,1,0,1,1,1,1,0,0,0,1,0,1,1,0,1,1,0,1,0,0,1,1,1,1,1,1,1,0,1,0,1,1,1,1,1,1,0,1,1,1,1,0,0,1,1,1,1,1,0,0,1,1,1,0,1,0,0,0,1,1,0,0,0,0,0,0,1,1,0,0,1,1,0,1,1,0,0,1,1,0,0,1,0,0,1,1,1,1,0,0,0,1,1,1,1,1,1,0,1,1,0,1,0,0,0,1,1,1,1,1,1,0,1,1,1,0,0,0,1,1,0,1,1,1,1,1,0,0,1,0,1,1,1,1,1,1,0,1,0,1,1,0,1,1,1,0,1,1,1,1,1,1,0,0,0,0,0,1,1,1,1,1,0,1,1,0,1,1,0,0,1,0,1,0,1,0,0,0,1,1,0,0,0,1,1,1,1,1,0,0,0,1,1,1,1,1,1,0,1,1,0,1,1,1,0,1
bert-large-cased_25,1,0,1,1,1,1,1,0,0,1,0,1,0,1,0,0,1,1,1,1,1,1,1,1,1,1,0,1,0,1,0,1,0,0,1,1,1,1,1,0,1,0,0,1,1,1,1,1,1,1,0,1,0,1,1,1,1,1,1,0,1,1,1,1,0,0,1,1,1,1,1,0,0,1,1,1,0,1,0,0,0,1,1,1,1,0,0,0,0,1,0,0,0,1,1,0,1,1,0,0,1,1,0,0,1,0,0,1,1,1,1,0,1,0,0,0,0,0,0,1,0,0,1,0,0,0,1,1,1,1,1,1,1,1,0,1,0,1,0,1,0,1,1,0,1,1,1,1,1,0,0,1,0,1,1,1,1,1,1,0,1,0,1,1,0,1,1,1,1,1,1,1,1,1,1,0,0,0,0,1,1,0,0,1,1,0,1,1,0,1,1,0,1,1,0,1,0,1,0,0,0,1,1,0,1,0,1,1,1,1,1,0,0,0,1,1,1,1,1,1,1,1,1,1,1,0,1,0,1
bert-large-cased_1,0,1,1,1,0,1,0,0,1,1,1,1,0,0,0,1,0,0,1,0,0,0,0,1,1,0,0,1,1,1,1,0,0,0,1,1,1,1,0,0,0,1,1,1,1,1,0,0,1,0,0,1,1,1,0,1,0,1,1,0,0,1,1,1,1,1,1,0,0,0,0,0,0,1,1,1,1,0,1,0,0,1,1,0,0,1,0,0,1,1,1,1,0,1,1,0,1,0,1,1,1,0,0,1,1,0,1,1,0,1,1,0,0,1,1,1,0,1,0,0,0,0,0,1,0,1,0,1,1,0,1,0,1,1,0,1,1,1,1,1,0,1,1,1,1,0,1,0,0,0,0,1,0,0,1,1,1,1,1,1,0,1,1,0,0,0,1,1,0,1,1,0,0,1,0,1,0,0,1,1,1,0,0,0,1,0,0,0,0,0,1,1,0,0,0,1,1,1,0,1,0,0,1,0,1,0,0,1,1,0,1,1,1,1,1,1,1,1,0,0,1,0,1,1,1,1,1,1,0
bert-large-cased_50,1,1,1,1,1,1,1,0,1,1,0,1,0,1,0,1,1,1,1,1,1,1,1,1,1,1,0,1,0,1,0,0,0,1,1,1,0,1,0,0,1,0,0,1,1,1,1,1,1,1,0,1,0,1,1,1,1,1,1,0,1,1,1,1,0,0,1,1,1,1,1,1,0,1,1,1,0,1,0,0,0,1,1,0,0,0,0,0,0,1,0,0,0,1,1,0,1,1,0,0,1,0,0,0,1,0,0,1,1,1,0,0,0,0,1,0,1,1,0,1,0,0,1,0,0,0,1,1,1,1,1,1,1,1,0,0,1,1,0,1,0,1,1,0,1,1,1,0,1,0,0,1,0,1,1,1,1,1,1,0,1,0,1,1,1,1,1,1,1,1,1,1,1,1,1,0,0,0,0,0,1,1,0,1,1,0,1,1,0,1,1,0,1,0,0,1,0,1,0,0,0,1,1,0,1,0,1,1,1,1,1,0,1,0,1,1,1,1,1,1,1,1,1,1,1,0,1,1,1
bert-large-cased_best,1,0,1,1,1,1,1,0,0,1,0,0,0,1,0,0,1,1,1,1,1,1,1,1,1,1,1,0,0,1,0,1,0,1,1,1,0,1,1,0,1,0,0,1,1,1,1,1,1,1,0,1,0,1,1,1,1,1,1,0,1,1,1,1,0,0,1,1,1,1,1,1,0,1,1,1,0,1,0,0,0,0,1,0,0,1,0,1,0,1,0,0,0,1,1,0,1,1,0,0,1,0,1,0,1,0,0,1,1,1,1,1,0,0,1,1,0,0,0,1,0,0,1,0,0,0,1,0,1,1,1,1,1,1,1,1,0,1,0,1,0,1,1,1,1,1,1,1,1,0,0,0,0,1,1,1,1,1,1,0,1,0,1,1,1,1,1,1,1,1,1,1,1,1,1,0,0,0,0,0,1,0,0,1,1,0,1,1,0,1,1,0,1,1,0,1,0,1,0,0,0,1,1,0,0,0,1,1,1,1,0,0,0,0,1,1,1,1,1,1,1,0,1,1,1,1,1,0,1
bert-large-cased_10,0,1,1,1,0,1,1,1,0,1,1,0,0,1,0,1,1,1,1,1,1,1,1,1,1,1,0,1,0,1,1,0,0,0,1,1,1,1,1,0,1,0,1,1,1,1,1,1,1,1,0,1,0,1,1,1,1,1,1,0,1,1,1,1,0,0,1,1,1,1,1,1,0,1,1,1,0,1,0,0,0,1,1,1,0,0,0,0,1,1,1,0,0,1,1,0,1,1,0,0,1,1,0,1,1,0,0,1,1,1,0,0,0,0,0,0,1,1,0,1,0,0,1,0,0,0,0,1,1,1,1,1,1,1,0,0,0,1,1,1,0,1,1,0,1,1,1,1,0,0,0,1,0,1,1,1,1,1,1,1,1,0,1,1,0,1,1,1,0,1,0,1,1,0,1,1,0,0,0,1,0,1,1,1,1,0,1,1,0,1,1,1,0,0,0,1,1,1,0,0,0,1,1,0,1,0,0,1,1,0,0,1,1,0,1,1,1,1,0,1,1,1,1,1,1,0,1,1,1
roberta-base-100M-3_25,0,0,1,1,0,1,1,1,0,1,0,1,0,1,0,0,1,1,0,1,1,1,1,1,0,1,0,1,0,0,0,0,0,0,1,1,0,1,1,0,0,0,0,1,1,1,1,1,1,1,0,0,0,1,1,1,1,0,1,0,0,1,1,0,0,0,1,1,1,0,1,0,0,1,1,1,0,0,0,0,0,1,1,1,0,0,0,0,0,1,1,1,0,1,1,1,1,1,0,0,1,1,0,0,1,1,0,1,0,1,0,0,0,0,1,0,0,0,0,0,0,0,1,0,0,0,0,0,1,1,1,1,0,1,1,0,0,1,0,1,0,1,1,0,0,1,1,1,1,0,0,1,1,1,1,1,1,1,1,0,1,0,1,1,0,1,1,1,0,1,0,0,1,0,1,0,1,1,0,0,1,0,1,0,1,0,0,0,1,1,1,0,0,1,0,0,1,1,0,0,1,1,1,0,1,0,1,0,1,1,1,0,1,0,1,0,1,1,1,1,0,0,1,1,1,0,1,0,1
roberta-base-100M-3_1,0,0,0,0,1,1,1,0,0,0,0,1,0,0,0,0,1,0,1,1,0,0,1,1,0,0,0,0,0,0,0,1,0,0,0,1,0,1,0,1,1,1,0,1,1,1,1,0,0,0,0,0,1,1,0,0,0,0,1,1,0,0,0,0,1,0,0,0,0,0,1,0,0,0,1,1,0,0,0,0,0,0,0,0,0,0,0,0,0,0,0,0,0,1,1,1,1,1,1,0,0,0,0,0,1,1,1,0,0,0,1,0,1,0,1,0,0,0,0,0,0,0,1,0,1,0,0,0,1,0,0,1,0,0,0,1,0,1,0,0,1,1,0,0,0,1,0,1,1,0,0,0,1,1,1,1,0,0,1,0,0,1,1,1,0,1,0,1,0,1,1,1,0,1,0,0,1,0,0,0,0,0,1,0,1,0,1,0,0,0,1,0,0,1,1,1,0,1,1,1,0,1,0,0,0,0,0,1,1,1,1,0,0,1,0,0,1,1,1,1,0,0,1,0,1,1,1,1,0
roberta-base-100M-3_50,0,0,1,1,1,1,1,1,0,1,0,1,0,1,0,1,1,1,1,1,1,1,1,1,0,1,0,1,0,0,0,0,1,0,1,1,1,0,1,0,0,0,0,1,1,1,1,1,1,0,0,1,0,1,1,1,1,1,1,0,1,1,1,0,0,0,1,1,1,1,1,0,0,1,1,1,0,1,0,0,0,1,1,1,0,0,0,0,0,1,0,0,0,1,1,0,1,1,0,0,1,1,0,0,1,1,0,1,0,1,0,0,0,1,1,0,0,0,0,0,0,0,1,0,0,0,0,0,1,1,1,1,1,1,1,0,0,1,0,1,0,1,0,0,0,1,1,1,0,0,0,1,0,1,1,0,1,1,1,1,1,1,1,0,0,1,1,1,0,1,0,1,1,0,1,0,1,1,0,0,0,0,1,1,1,0,1,0,1,1,1,0,0,1,0,0,1,1,0,0,1,1,1,0,1,0,0,1,1,1,1,0,1,0,1,0,1,1,1,1,0,1,1,1,1,0,1,0,1
roberta-base-100M-3_best,0,0,1,1,1,1,1,1,0,1,0,1,0,1,0,1,1,1,1,1,0,1,1,1,0,1,1,1,0,0,0,0,0,0,1,1,1,0,1,0,0,0,0,1,1,1,1,1,1,1,0,1,0,1,1,1,1,1,1,0,1,1,1,0,0,0,1,1,1,1,1,1,0,1,1,1,0,1,0,0,0,1,1,0,0,0,0,0,0,1,0,0,0,1,1,0,1,1,0,0,1,1,0,0,1,1,1,1,1,0,1,0,0,0,0,0,0,0,0,0,0,0,1,0,0,0,0,0,1,1,1,1,1,1,0,0,0,1,0,1,0,1,1,0,0,1,1,1,1,0,0,0,0,1,1,0,1,1,1,1,1,1,1,0,0,1,1,1,0,1,0,1,1,1,1,0,1,1,0,0,0,0,1,1,1,0,1,0,1,1,1,0,0,1,0,0,1,1,0,0,1,1,1,0,0,0,1,1,1,1,1,0,1,0,1,0,1,1,1,1,0,0,1,1,1,0,1,0,1
roberta-base-100M-3_10,1,0,1,1,1,1,1,1,0,1,0,1,0,0,1,1,1,1,1,1,1,0,1,1,0,1,0,1,0,0,0,1,1,0,0,1,0,1,0,1,1,0,0,1,1,1,1,1,1,0,0,0,0,0,1,0,1,0,1,0,0,0,1,0,0,0,1,1,1,0,1,0,0,1,1,1,0,0,0,0,0,1,1,1,0,0,0,0,0,1,1,0,0,1,1,1,1,1,0,0,1,1,0,0,1,1,1,1,0,1,1,0,0,0,1,0,0,0,1,0,0,0,1,0,1,0,0,0,1,0,0,1,0,1,1,0,0,1,0,1,0,1,1,0,0,1,1,1,1,0,0,1,1,1,1,1,0,1,1,0,1,1,1,1,0,1,1,1,0,1,0,1,1,0,1,0,1,1,0,0,1,0,1,0,1,0,1,0,1,1,1,0,1,1,0,0,0,1,0,0,0,1,1,0,0,0,1,1,1,1,1,0,1,0,1,0,1,1,1,1,0,0,1,1,1,1,1,0,1
roberta-base-10M-3_25,1,1,1,1,1,1,1,0,0,0,0,1,0,1,1,0,1,1,1,1,1,1,1,1,0,1,1,0,0,0,0,1,1,0,0,1,0,1,1,0,1,0,0,1,1,1,1,1,0,0,0,0,0,1,1,0,1,1,0,0,1,0,1,0,1,0,1,1,1,1,1,0,0,0,1,1,0,0,0,0,0,0,0,0,0,0,1,0,0,1,0,1,0,1,1,1,1,1,1,0,1,0,0,0,1,1,1,1,0,0,1,0,1,0,1,1,0,0,0,0,0,0,1,0,1,0,1,0,1,1,1,1,0,0,1,1,0,1,0,0,1,1,1,1,0,1,0,1,1,0,0,1,1,1,1,1,0,1,1,0,1,1,1,0,0,1,0,1,0,1,0,0,1,0,1,0,1,0,1,0,1,1,1,1,1,0,1,0,1,0,1,0,0,1,1,0,0,1,0,0,0,1,1,0,0,0,1,1,1,1,1,0,0,0,1,0,1,1,0,1,0,0,1,1,0,1,1,0,0
roberta-base-10M-3_1,0,0,0,0,0,1,0,0,0,0,1,0,0,1,0,0,1,0,0,1,0,0,1,1,0,1,0,0,0,0,1,1,0,0,0,0,0,1,0,1,1,0,0,0,1,0,1,1,0,0,0,0,1,1,0,0,0,0,0,1,0,0,0,1,1,1,1,0,1,0,0,0,0,0,1,1,0,0,0,0,0,0,0,1,0,0,1,1,0,0,0,0,0,0,1,1,0,1,1,0,0,0,0,0,0,0,1,0,0,1,1,0,0,0,0,1,1,0,0,1,0,0,1,0,0,0,1,0,0,1,0,0,0,1,0,1,0,1,0,0,0,1,1,1,1,1,1,1,1,0,0,0,1,1,1,1,0,0,0,1,0,1,1,0,1,0,0,0,0,0,1,1,1,1,0,1,1,0,1,0,1,0,0,0,0,0,0,0,1,0,1,0,1,1,0,1,0,0,1,1,0,1,1,0,0,0,1,1,1,1,0,0,0,0,0,0,1,0,0,1,0,0,1,0,1,1,0,1,1
roberta-base-10M-3_50,1,0,1,1,1,1,1,0,0,0,0,1,0,1,1,0,1,1,0,1,1,1,1,1,0,1,0,1,0,1,0,1,1,0,1,1,0,1,1,0,1,0,0,1,1,1,1,1,1,1,0,0,0,1,1,1,1,1,0,0,1,1,1,0,1,0,1,1,1,1,1,1,0,1,1,1,0,0,0,0,0,0,1,1,0,0,1,0,0,1,0,0,0,1,1,1,1,1,1,0,1,1,0,0,1,1,1,1,0,1,0,0,0,0,1,0,0,0,0,0,0,0,1,0,1,0,0,0,1,1,0,1,0,0,1,1,0,1,0,0,1,1,1,1,0,1,0,1,1,1,0,1,1,1,0,0,0,1,1,0,1,1,1,0,0,1,1,1,0,1,1,0,1,0,1,0,1,0,1,0,1,1,1,0,1,0,1,0,1,1,1,0,0,1,0,0,0,1,0,0,0,1,1,0,0,0,1,1,1,1,1,0,0,0,1,0,1,1,0,1,0,0,1,1,1,0,1,0,0
roberta-base-10M-3_best,1,1,1,1,1,1,1,1,0,1,0,1,0,1,0,0,1,1,0,1,1,1,1,1,0,1,0,1,0,1,0,1,1,0,1,1,1,0,1,0,0,0,0,1,1,1,1,1,1,1,0,0,0,1,1,1,1,1,0,0,1,1,1,0,1,0,1,1,1,1,1,0,0,1,1,1,0,1,0,0,0,1,1,1,0,0,0,0,0,1,0,0,0,1,1,1,1,1,1,0,1,1,0,0,1,1,1,1,0,1,1,0,0,0,1,0,0,0,0,1,0,0,1,0,1,0,0,0,1,1,1,1,0,0,1,0,0,1,0,1,1,1,1,0,0,1,0,0,1,0,0,1,1,1,1,0,1,1,1,0,1,1,1,0,0,1,1,1,0,1,1,0,1,1,1,0,1,1,0,0,0,1,1,0,1,0,1,0,0,1,1,0,0,0,0,0,0,1,0,0,0,1,1,0,0,0,1,1,1,1,1,0,0,0,1,0,1,1,0,1,0,1,1,1,1,0,1,0,1
roberta-base-10M-3_10,1,0,1,0,1,1,1,0,0,0,0,1,0,1,1,0,1,1,0,1,1,1,1,1,0,0,0,0,0,0,0,1,1,0,0,1,0,1,0,1,1,0,0,1,1,1,1,0,0,0,0,1,0,1,1,0,1,1,1,0,0,0,0,0,1,0,1,0,0,0,1,1,0,0,1,1,0,0,0,0,0,0,0,0,0,0,1,0,0,1,1,1,0,1,1,1,0,1,1,0,0,0,0,0,1,1,1,0,1,0,1,1,0,0,1,0,0,0,1,0,0,0,1,0,1,0,0,0,1,0,0,1,0,0,1,1,0,1,0,0,1,1,1,1,0,1,1,1,1,1,0,0,1,1,1,1,0,1,1,0,1,1,1,0,1,1,0,1,0,1,1,0,1,1,0,0,1,0,1,0,1,1,1,0,1,1,1,0,0,0,1,0,0,1,0,0,0,1,0,0,0,1,0,0,0,0,1,1,1,1,1,0,1,0,1,0,1,1,0,1,0,0,1,0,0,1,1,0,0
roberta-med-small-1M-2_25,1,0,0,0,1,1,1,0,0,0,1,1,0,0,0,0,1,0,0,1,0,0,1,1,0,0,0,0,0,1,0,0,1,0,0,1,0,0,0,0,0,0,0,0,1,1,1,0,0,0,0,0,0,1,1,0,0,0,1,0,0,0,0,0,1,0,1,0,0,1,1,0,0,0,1,1,1,0,0,0,0,0,0,0,0,1,0,1,0,0,1,1,0,1,1,0,1,1,0,0,0,0,0,0,1,1,0,0,1,1,1,1,0,0,1,0,0,0,0,0,0,1,1,0,1,0,0,0,1,0,0,1,0,1,0,1,0,0,0,0,1,1,1,0,1,1,1,1,1,0,0,0,1,1,1,1,1,0,1,0,0,0,1,0,0,1,0,1,0,1,0,0,0,0,0,1,0,0,0,0,0,1,1,0,1,0,1,0,0,0,1,0,0,1,0,0,0,1,0,1,0,1,0,0,0,1,1,1,1,1,1,0,1,1,1,0,1,1,0,1,0,0,1,0,1,1,1,0,0
roberta-med-small-1M-2_1,1,0,0,0,1,1,0,0,0,0,0,0,0,1,0,0,1,0,0,1,0,0,1,1,0,0,0,0,0,1,0,0,1,0,0,0,0,1,1,0,1,0,0,0,1,0,0,1,0,1,0,0,1,1,0,1,0,0,0,1,1,0,0,0,1,0,0,0,0,0,1,0,0,0,0,0,0,0,0,0,0,0,0,1,0,0,1,1,0,0,0,0,0,0,0,1,0,1,1,0,0,0,0,0,0,1,1,0,0,1,1,0,1,0,0,0,0,0,1,0,0,1,1,0,1,0,1,0,1,1,0,1,0,1,0,1,0,1,0,0,0,0,1,1,0,1,0,1,1,1,0,1,1,0,1,0,1,1,0,0,0,1,0,0,1,1,0,0,0,0,1,1,0,1,1,0,1,1,1,0,1,0,1,0,0,0,0,0,1,0,0,0,0,0,1,1,0,0,1,1,0,1,0,1,0,0,1,1,0,0,1,0,0,0,0,0,0,0,1,1,0,0,1,1,1,1,0,0,0
roberta-med-small-1M-2_50,1,0,0,0,1,1,1,1,0,0,1,1,0,1,0,0,1,1,1,1,1,0,0,1,0,0,0,0,0,1,0,0,1,1,0,1,0,0,0,0,0,0,0,1,0,1,1,0,0,0,0,0,0,1,1,0,0,0,1,0,0,0,0,0,1,0,1,0,0,1,1,0,0,0,1,1,1,0,0,0,0,0,1,0,0,0,0,0,0,1,1,1,0,1,1,0,1,1,1,0,0,0,0,0,1,1,0,0,1,1,0,0,0,0,1,0,0,0,0,0,0,0,1,0,1,0,0,1,1,0,0,1,1,1,1,1,0,1,0,0,1,1,1,0,1,1,0,1,1,0,0,1,1,1,1,1,1,0,1,0,1,0,1,0,0,1,0,1,0,1,0,0,1,0,0,0,1,0,0,0,0,1,1,0,1,1,1,0,0,0,1,0,1,1,0,0,0,1,0,0,0,1,1,0,0,1,0,0,1,1,0,1,1,1,1,0,1,1,0,1,0,0,1,0,1,1,1,0,0
roberta-med-small-1M-2_best,1,0,0,0,0,1,1,0,0,0,0,1,0,1,0,0,1,0,1,1,1,0,0,1,0,0,0,0,0,1,0,0,1,1,0,1,0,0,0,0,0,0,0,1,0,1,1,0,0,1,0,0,0,1,0,1,0,0,1,0,0,0,0,0,1,0,1,0,0,1,1,0,0,0,1,1,1,0,0,0,0,0,1,0,0,1,0,0,0,0,1,1,0,1,1,1,1,1,0,0,0,0,0,0,1,1,0,0,0,1,1,0,0,0,1,0,0,0,0,1,0,0,1,0,1,0,0,0,1,0,0,1,0,1,0,1,0,1,0,0,1,1,1,0,0,1,0,1,1,0,0,0,1,1,1,1,1,0,1,0,1,0,1,0,0,1,0,1,0,1,0,0,1,1,0,0,1,0,0,0,0,1,1,0,1,0,1,0,0,0,1,0,0,1,1,0,0,1,0,0,0,1,1,0,0,1,0,1,1,1,1,0,1,1,1,0,1,1,0,1,0,0,0,0,1,0,1,0,0
roberta-med-small-1M-2_10,1,0,0,0,0,0,1,0,0,1,1,1,0,1,0,0,1,0,0,0,0,0,1,1,0,0,0,0,0,1,0,0,1,0,0,0,0,0,0,0,0,0,0,1,1,1,1,1,0,0,0,0,0,0,0,1,0,0,1,0,0,0,0,0,1,0,1,0,0,0,1,1,1,0,1,0,0,0,0,0,0,0,1,1,0,0,0,0,0,0,1,0,0,1,0,0,0,1,0,0,0,1,0,0,1,0,1,0,1,1,1,1,0,0,1,0,0,0,0,0,0,0,1,0,0,0,0,0,1,1,0,0,0,1,0,1,0,0,0,0,1,1,0,0,1,1,1,0,1,0,0,0,1,0,1,0,1,1,1,0,0,0,0,0,0,0,0,1,0,0,0,0,0,0,0,1,0,1,0,0,0,0,1,0,1,1,0,0,0,0,1,0,1,1,0,0,0,1,0,1,0,1,0,0,0,1,1,1,0,1,1,1,1,0,1,0,1,1,0,0,0,0,1,0,1,1,0,0,0
albert-xxlarge-v2_25,1,0,1,1,1,1,1,0,0,1,0,0,0,1,1,0,1,1,0,1,1,1,1,1,0,1,1,1,1,1,0,1,1,0,1,1,0,1,1,0,1,1,0,1,1,1,1,1,1,1,0,1,0,1,1,1,1,1,1,0,1,1,1,1,0,0,1,1,1,1,1,1,1,1,1,1,0,1,1,0,0,1,1,0,0,0,0,0,0,1,1,0,0,1,1,0,1,1,0,0,1,1,1,1,1,0,0,1,1,1,1,0,0,1,1,1,1,0,1,1,0,0,1,0,1,0,0,0,1,1,1,1,1,1,1,1,1,1,0,1,0,1,0,0,1,1,1,1,1,0,0,0,0,1,1,1,1,1,1,0,1,0,1,1,0,1,1,1,0,1,1,1,1,1,1,0,0,0,0,0,1,0,0,1,1,1,1,1,0,1,1,0,1,1,0,0,0,1,0,0,0,1,1,0,0,0,0,1,1,1,1,0,0,0,0,1,1,1,1,1,1,1,1,1,0,1,1,0,1
albert-xxlarge-v2_1,0,0,1,0,0,0,0,0,1,0,0,1,0,0,0,0,0,1,0,0,0,1,1,0,0,1,0,1,1,1,0,0,0,0,1,0,1,1,0,1,0,0,0,1,1,0,0,0,0,0,0,0,0,1,1,0,0,1,0,0,1,1,1,1,0,1,1,1,1,0,0,1,0,0,0,0,0,0,0,0,0,1,1,1,0,1,0,0,0,0,0,0,0,1,0,0,0,0,0,0,1,1,1,0,0,0,0,0,0,1,0,0,0,0,1,0,0,1,0,1,1,0,0,1,0,0,0,0,1,1,0,0,0,0,0,0,1,1,1,1,0,0,0,1,1,1,0,0,0,0,1,1,0,0,0,0,0,1,0,0,0,0,0,0,0,1,1,1,0,0,1,0,1,1,0,1,0,1,0,1,0,0,0,1,0,0,0,1,0,0,1,1,0,1,0,0,0,0,0,0,1,0,1,0,0,1,1,0,1,0,0,0,1,0,0,1,0,0,0,0,0,0,0,1,0,0,0,0,0
albert-xxlarge-v2_50,1,0,1,1,1,1,1,0,0,1,0,0,0,1,1,0,1,1,0,1,1,1,1,1,0,1,1,0,0,1,0,1,1,1,1,1,0,1,1,0,1,1,0,1,1,1,1,1,1,1,0,1,0,1,1,1,1,1,1,0,1,1,1,1,0,0,1,0,1,1,1,1,1,1,1,1,0,1,0,0,0,1,1,0,0,1,1,1,0,0,1,0,0,1,1,0,1,1,0,0,1,1,1,0,1,0,0,1,1,1,1,0,1,0,1,1,0,1,1,1,0,0,1,0,1,0,1,0,1,1,1,1,1,1,0,1,1,1,0,1,0,1,1,0,1,1,1,1,1,0,0,0,0,1,1,1,1,1,1,0,1,1,1,1,1,1,1,1,0,1,1,1,1,1,1,0,0,0,0,0,1,1,0,1,1,0,1,1,0,1,1,0,1,1,0,1,0,1,0,0,0,1,1,0,0,0,0,1,1,1,1,0,1,0,1,1,1,1,1,1,0,1,1,1,1,1,1,0,1
albert-xxlarge-v2_best,1,0,1,1,1,1,1,0,0,1,0,1,0,1,1,0,1,1,0,1,0,1,1,1,0,1,1,1,0,1,0,1,1,0,1,1,0,1,1,1,1,1,0,1,1,1,1,1,1,1,0,1,0,1,1,1,1,1,1,0,1,1,1,1,0,0,1,1,1,1,1,1,1,1,1,1,0,1,1,1,0,1,1,0,0,1,0,0,0,1,1,0,0,1,1,0,1,1,0,0,1,0,1,1,1,0,0,1,1,1,1,0,0,1,1,1,1,1,1,1,1,0,1,0,1,0,1,0,1,1,1,1,1,1,1,0,1,1,0,1,0,1,1,0,1,1,1,1,1,0,0,0,0,1,1,1,1,1,1,0,1,0,1,1,1,1,1,1,0,1,1,1,1,1,1,0,0,0,0,0,1,0,0,1,1,0,1,1,0,1,1,0,1,1,0,1,0,1,0,0,0,1,1,0,0,0,0,0,1,1,1,0,1,0,1,1,1,1,1,1,1,1,1,1,1,1,1,0,1
albert-xxlarge-v2_10,1,0,1,1,1,1,1,0,0,1,0,0,0,1,0,0,1,1,1,1,1,1,1,1,0,1,1,1,0,1,0,1,1,1,1,1,0,1,1,0,1,0,0,1,1,1,1,1,1,1,0,1,0,1,1,1,1,1,1,0,1,1,1,1,0,0,1,1,1,1,1,1,0,1,1,1,0,1,1,1,0,1,1,0,0,0,0,1,0,1,1,0,0,1,1,0,1,1,0,0,1,1,1,0,1,1,0,1,1,0,1,0,1,0,1,1,1,1,1,1,0,0,1,0,1,0,0,0,1,1,1,1,1,1,0,1,1,1,0,1,0,1,1,0,1,1,1,1,1,0,0,1,0,1,1,1,1,1,1,0,1,0,1,1,0,1,1,1,1,1,1,1,1,1,1,0,0,0,0,1,1,0,1,1,1,1,1,1,0,1,1,0,1,1,0,1,0,1,0,0,0,1,1,0,1,0,0,1,1,1,1,0,0,0,1,1,1,1,1,1,1,1,1,1,1,1,1,0,1
roberta-base-10M-2_25,1,0,1,1,0,1,1,1,0,0,0,1,0,1,0,0,0,1,1,1,1,0,1,1,0,1,0,0,0,0,0,1,1,1,0,1,0,0,0,0,0,0,0,1,1,1,1,1,1,0,0,1,0,1,1,1,1,1,1,0,1,0,1,0,1,0,1,1,1,1,1,1,0,1,1,1,1,1,0,0,0,0,1,1,0,0,0,0,0,1,0,1,0,1,1,1,1,1,0,0,1,0,0,0,1,1,1,1,0,1,0,0,0,0,1,0,0,0,0,1,0,0,1,0,0,0,1,0,1,0,0,1,0,0,0,1,0,1,0,0,1,1,1,1,0,1,1,1,1,1,0,0,1,1,1,1,1,1,1,0,1,1,1,0,0,1,1,1,0,1,1,0,1,1,1,0,1,0,1,0,1,1,1,0,1,0,1,1,1,0,1,0,0,1,0,0,0,1,0,1,0,1,1,0,0,0,1,1,1,1,1,0,1,0,1,0,1,1,0,1,0,0,1,1,1,0,1,0,1
roberta-base-10M-2_1,0,0,0,0,1,1,1,0,0,0,0,0,0,0,0,0,1,0,1,1,0,0,0,0,0,0,0,0,0,1,0,1,1,0,0,0,0,0,0,0,0,0,0,0,1,1,1,1,0,0,0,0,1,0,0,0,0,1,0,0,1,0,0,0,1,1,0,0,0,0,1,0,1,0,1,1,0,0,0,0,1,1,1,0,0,0,1,0,0,0,0,0,0,0,0,1,0,1,1,0,1,0,0,0,1,1,1,0,0,0,1,0,0,0,1,1,0,0,0,0,0,1,1,0,0,0,0,0,0,0,0,1,0,1,0,1,0,1,0,0,0,1,1,1,1,1,1,1,1,0,0,1,0,1,1,0,0,0,0,0,0,1,1,0,0,0,0,1,0,0,1,1,0,1,0,0,0,0,0,0,1,0,0,1,0,0,1,0,1,0,1,0,0,1,1,1,0,0,0,1,0,1,0,0,0,0,0,0,1,1,1,0,0,0,0,0,1,1,0,1,0,1,1,0,0,1,0,0,0
roberta-base-10M-2_50,1,0,1,1,0,1,1,1,0,0,0,1,0,1,1,0,1,1,0,1,1,1,1,1,0,1,0,0,0,0,0,1,1,0,1,1,0,0,0,0,0,0,0,1,1,1,1,1,1,1,0,0,0,1,1,1,1,1,0,0,0,0,1,0,1,0,1,1,1,1,1,0,0,0,1,1,0,1,0,0,0,1,1,1,0,0,0,0,0,1,1,1,0,1,1,1,1,1,0,0,1,0,0,0,1,1,1,1,0,1,0,0,0,0,1,0,0,0,0,0,0,0,1,0,0,0,0,0,1,0,0,1,1,0,1,0,0,1,0,0,1,1,1,0,1,1,1,1,1,0,0,1,1,1,1,1,0,1,1,0,1,1,1,0,0,1,1,1,0,1,1,0,1,1,1,0,1,0,1,0,1,1,1,0,1,0,1,1,0,0,1,0,0,1,0,0,0,1,0,0,0,1,1,0,0,0,0,1,1,1,1,0,0,1,0,0,1,1,0,1,0,0,1,1,1,0,1,0,1
roberta-base-10M-2_best,1,0,0,1,1,1,1,1,0,0,0,1,0,1,0,0,1,1,0,1,1,1,1,1,0,1,1,0,0,0,0,1,1,0,1,1,0,1,1,0,0,0,0,1,1,1,1,1,1,1,0,1,0,1,1,0,1,1,0,0,0,0,1,0,1,0,1,1,1,1,1,0,0,0,1,1,0,1,0,0,0,0,1,0,0,0,1,0,0,1,0,1,0,1,1,1,1,1,0,0,1,1,0,1,1,1,1,1,0,0,0,0,0,0,1,0,0,0,0,0,0,0,1,0,1,0,1,0,1,1,0,1,0,1,1,1,0,1,0,0,1,1,1,0,0,1,1,1,1,0,0,1,1,1,1,1,0,1,1,0,1,1,1,0,0,1,1,1,0,1,1,0,1,1,1,0,1,0,0,0,1,0,1,0,1,0,1,1,1,1,0,0,0,1,0,0,0,1,0,0,0,1,1,0,0,1,1,1,1,1,1,0,0,0,0,0,1,1,0,1,0,0,1,1,0,0,1,0,1
roberta-base-10M-2_10,1,0,0,0,1,1,1,0,0,0,0,1,0,1,1,1,1,1,0,1,1,0,1,1,0,0,1,0,0,1,0,1,1,0,0,1,0,0,0,1,1,0,0,0,1,1,1,0,1,0,0,1,0,1,0,0,0,0,1,0,0,0,1,0,1,0,1,1,0,0,1,0,0,0,1,1,1,0,0,0,0,0,0,1,1,0,1,0,0,1,1,1,0,1,1,1,1,1,0,0,1,0,0,0,1,1,1,1,0,1,0,0,0,1,1,0,0,0,0,0,0,0,1,0,1,0,1,0,1,0,0,1,0,0,1,1,0,1,0,0,1,1,1,1,0,0,0,1,1,1,0,1,1,1,1,1,1,1,1,0,0,1,1,0,0,1,0,1,0,1,0,0,1,1,0,0,1,0,1,0,1,1,1,0,1,1,0,0,1,0,1,0,0,1,0,0,0,1,0,0,0,1,0,0,0,1,1,1,1,1,1,0,1,1,1,0,1,1,0,1,0,0,1,1,0,1,1,0,0
roberta-base-1B-1_25,1,0,1,1,1,1,1,0,0,1,0,1,0,1,0,0,1,1,1,1,0,1,1,1,0,1,1,1,0,0,0,0,1,0,1,1,1,1,1,0,0,0,0,1,1,1,1,1,1,1,0,1,0,1,1,1,1,1,1,0,1,0,1,1,0,0,1,1,1,1,1,1,0,1,1,1,0,1,1,0,0,1,1,1,0,0,0,0,0,1,0,0,0,1,1,0,1,1,0,0,1,1,0,0,1,0,0,1,0,0,0,1,1,0,1,0,1,0,0,1,0,1,1,0,0,0,0,0,1,1,1,1,1,1,0,1,0,1,0,1,0,1,1,0,1,1,1,1,1,0,0,1,1,1,1,1,1,1,1,0,1,0,1,0,0,1,1,1,0,1,0,1,1,0,1,0,0,0,0,0,1,1,1,1,1,1,1,1,1,1,1,0,0,1,0,1,1,1,0,0,1,1,1,0,0,0,1,1,1,1,1,1,0,0,1,0,1,1,1,1,0,1,1,1,1,0,1,0,1
roberta-base-1B-1_1,0,0,0,0,1,1,1,0,0,0,0,1,1,1,0,0,1,0,0,1,0,0,1,1,0,0,0,0,0,0,0,1,1,0,0,1,0,1,0,0,1,0,0,1,1,1,1,0,0,0,0,0,1,1,0,0,0,0,0,1,0,0,0,0,1,1,0,0,0,0,1,0,1,0,0,1,0,0,0,0,0,0,0,0,0,1,1,0,0,0,0,0,0,1,1,1,0,1,1,0,0,0,0,0,0,1,1,0,1,0,0,0,1,0,1,1,0,0,1,0,0,0,1,0,0,0,0,0,1,0,0,1,0,0,0,1,0,1,0,0,1,1,0,1,1,1,0,1,1,0,0,0,1,1,1,1,0,0,1,0,0,1,1,0,1,1,0,0,0,1,1,1,0,1,0,0,1,0,0,0,0,0,1,0,1,0,0,0,1,0,1,0,0,1,1,1,0,0,1,1,0,1,0,0,0,0,1,1,0,1,1,0,1,0,0,0,1,0,1,1,0,0,1,0,0,1,0,0,0
roberta-base-1B-1_50,1,0,1,1,1,1,1,0,0,1,0,1,0,1,0,0,1,1,1,1,0,1,1,1,0,1,1,1,0,0,0,1,1,1,1,1,1,1,1,0,1,0,0,1,1,1,1,1,1,1,0,1,0,1,1,1,1,1,1,0,1,1,1,1,0,0,1,1,1,1,1,0,0,1,1,1,0,1,0,0,0,1,1,1,0,0,0,0,0,1,0,0,0,1,1,0,1,1,0,0,1,1,0,0,1,0,0,1,1,0,0,0,1,0,1,0,1,0,0,1,0,0,1,0,0,0,1,0,1,1,1,1,1,1,0,0,0,1,0,1,0,1,1,0,1,1,1,1,1,0,0,1,0,1,1,1,1,1,1,1,1,1,1,0,0,1,1,1,0,1,1,0,1,1,1,0,0,1,0,0,1,1,1,1,1,0,1,1,0,1,1,0,0,1,0,0,1,1,0,0,1,1,1,0,0,0,1,1,1,1,1,0,0,0,1,0,1,1,1,1,0,1,1,1,1,0,1,0,1
roberta-base-1B-1_best,1,0,1,1,1,1,1,0,0,1,0,1,0,1,0,0,1,1,1,1,0,1,1,1,0,1,1,1,0,0,0,1,1,1,1,1,1,1,1,0,1,0,0,1,1,1,1,1,1,1,0,1,0,1,1,1,1,1,1,0,1,1,1,1,0,0,1,1,1,1,1,1,0,1,1,1,0,1,0,0,0,0,1,1,0,0,0,0,0,1,0,0,0,1,1,0,1,1,0,0,1,1,0,0,1,0,0,1,1,0,0,0,1,0,0,0,1,0,0,1,0,1,1,0,0,0,1,0,1,1,1,1,1,1,1,1,0,1,0,1,0,1,1,0,1,1,1,1,1,0,0,1,0,1,1,1,1,1,1,0,1,0,1,0,0,1,1,1,0,1,1,1,1,1,1,0,0,1,0,0,1,1,1,1,1,0,1,1,0,1,1,0,0,0,0,0,1,1,0,0,1,1,1,0,0,0,1,1,1,1,1,0,0,0,1,0,1,1,1,1,0,1,1,0,1,0,1,0,1
roberta-base-1B-1_10,1,0,1,1,1,1,1,0,0,1,0,1,0,1,0,0,1,1,0,1,0,1,1,1,0,1,1,0,0,0,0,0,1,0,0,1,1,1,0,0,0,0,0,1,1,1,1,1,1,1,0,1,0,1,1,1,1,1,1,0,1,0,1,0,0,0,1,1,1,1,1,1,1,1,1,1,0,0,1,0,0,0,1,0,0,0,0,0,0,1,0,0,0,1,1,1,1,1,0,0,1,1,0,0,1,1,0,1,1,0,0,1,1,0,1,0,0,0,0,0,0,1,1,0,0,0,0,0,1,1,1,1,0,1,0,0,0,1,0,1,0,1,1,1,0,1,1,1,1,0,0,0,1,1,1,1,1,1,0,0,1,0,1,0,0,1,1,1,0,1,0,1,1,1,1,1,1,0,0,0,1,1,1,1,1,0,0,1,1,1,1,0,0,1,0,0,0,1,0,0,1,1,1,0,0,0,0,1,1,1,1,0,1,0,1,0,1,1,0,1,0,0,1,1,1,0,1,0,1
bert-base-cased_25,1,0,1,1,1,1,1,0,0,1,0,1,0,1,0,0,1,1,1,1,0,1,1,1,0,1,1,1,0,1,0,0,1,0,1,1,1,1,1,0,1,0,0,1,1,1,1,1,1,1,0,1,0,1,1,1,1,1,1,0,0,1,1,1,0,0,1,1,1,1,1,1,0,1,1,1,0,1,0,0,0,1,1,0,0,0,0,0,0,1,0,0,0,1,1,0,1,1,0,0,1,1,0,0,1,0,0,1,1,1,1,0,0,0,1,0,0,0,0,1,0,0,1,0,1,0,0,0,1,1,1,1,1,1,0,0,1,1,0,1,0,1,1,0,1,1,1,1,1,0,0,1,0,1,1,1,1,1,1,1,1,1,1,1,0,1,1,1,0,1,1,1,1,1,1,0,0,0,0,0,0,0,0,1,1,0,1,1,0,1,1,0,0,1,0,1,0,1,0,0,0,1,1,0,1,0,1,1,1,1,1,0,1,0,1,1,1,1,1,1,0,0,1,0,1,1,1,0,1
bert-base-cased_1,0,1,0,1,0,0,0,0,1,1,1,1,0,0,0,1,0,0,1,0,1,1,1,1,1,0,0,0,1,1,1,0,0,0,0,1,0,0,0,0,0,1,1,1,1,1,0,0,1,0,0,1,1,1,0,1,1,1,1,0,0,1,1,0,1,1,1,0,1,0,0,0,1,1,1,0,1,1,1,0,1,1,1,0,0,0,0,0,1,0,0,1,1,1,1,0,1,0,1,1,0,0,0,1,1,0,1,0,0,1,0,1,0,0,1,1,0,1,0,0,0,0,0,1,0,1,0,1,0,0,1,0,0,1,0,0,1,1,0,0,0,1,1,0,0,0,0,0,0,0,1,1,0,0,0,0,1,1,1,1,0,1,0,1,0,0,1,1,0,1,1,0,0,1,0,1,0,0,1,1,0,0,1,0,1,0,0,0,0,0,0,1,0,0,1,1,1,1,0,0,0,0,1,0,1,0,0,1,0,0,1,1,1,1,0,1,1,1,0,0,1,0,1,1,1,0,0,1,0
bert-base-cased_50,1,0,1,1,1,1,1,0,0,1,0,1,0,1,0,1,1,1,1,1,1,1,1,1,0,1,0,1,0,0,1,1,1,0,1,1,1,1,1,0,0,0,0,1,1,1,1,1,1,1,0,1,0,1,1,1,1,1,1,0,0,1,1,1,0,0,1,1,1,1,1,1,0,1,1,1,0,1,0,0,0,1,1,0,0,0,0,0,0,1,0,0,0,1,1,0,1,1,0,0,1,1,0,0,1,0,0,1,1,1,1,0,1,0,1,0,0,1,0,1,0,0,1,0,0,0,0,0,1,1,1,1,1,1,1,0,1,1,0,1,0,1,1,0,1,1,1,1,0,0,0,1,1,1,1,1,1,1,1,1,1,0,1,1,0,1,1,1,1,1,1,0,1,1,1,0,0,0,0,0,0,0,0,1,1,0,0,0,0,1,1,0,1,1,0,1,1,1,0,0,1,1,1,0,1,0,0,1,1,1,0,0,0,0,1,1,1,1,1,1,1,1,1,0,1,0,1,0,1
bert-base-cased_best,1,0,1,1,1,1,1,0,0,1,0,0,0,1,0,0,1,1,1,1,1,1,1,1,0,1,0,1,0,1,0,1,1,0,1,1,1,1,1,0,1,0,0,1,1,1,1,1,1,1,0,1,0,1,1,1,1,1,1,0,1,1,1,1,0,0,1,1,1,1,1,1,0,1,1,1,0,1,0,0,0,1,1,0,0,1,0,0,0,1,0,0,0,1,1,0,1,1,0,0,1,1,1,0,1,0,0,1,1,1,1,0,1,1,0,0,0,1,0,1,0,0,1,0,0,0,1,0,1,1,1,1,1,1,0,0,0,1,0,1,0,1,1,1,0,1,1,1,1,0,0,1,0,1,1,1,1,1,1,1,1,0,1,1,0,1,1,1,1,1,1,1,1,1,1,0,0,0,0,0,0,0,0,1,1,0,0,1,0,1,1,0,1,1,0,1,0,1,0,0,0,1,1,0,1,0,0,1,1,1,1,0,0,0,1,1,1,1,1,1,0,1,1,0,1,0,1,0,1
bert-base-cased_10,0,0,1,1,0,1,1,0,0,1,0,1,0,1,1,0,1,1,1,1,1,1,1,1,0,1,1,1,0,1,0,1,0,0,1,1,0,1,1,0,0,0,0,1,1,1,1,1,1,1,0,1,0,1,1,1,1,0,1,0,1,1,1,1,0,0,1,1,1,1,1,0,0,1,1,1,0,1,0,0,0,0,1,0,0,0,0,0,0,1,0,0,0,1,1,0,1,1,0,0,1,1,0,0,1,0,0,1,1,1,1,0,1,0,1,0,0,0,0,1,0,0,1,0,1,0,0,0,1,1,1,1,0,1,0,0,0,1,0,1,0,1,1,0,0,1,1,1,1,0,0,1,1,1,1,1,1,1,1,1,1,1,1,1,0,1,1,1,0,1,1,0,1,1,1,0,1,0,0,0,0,1,0,1,1,1,1,1,0,1,1,0,1,0,0,1,0,1,0,0,1,1,1,0,1,0,1,1,1,1,1,0,1,0,1,1,1,1,1,1,0,0,1,1,1,1,1,0,1
xlm-roberta-large_25,1,0,1,1,1,1,1,0,0,1,0,1,0,1,0,1,1,1,0,1,1,1,1,1,0,1,1,0,1,0,0,1,1,1,1,1,0,1,0,0,1,0,0,1,1,1,1,1,1,1,0,1,0,1,1,1,1,1,1,0,1,1,1,1,1,0,1,1,1,1,1,0,0,1,1,1,0,1,0,0,0,1,1,0,0,0,0,1,0,0,0,0,0,1,1,0,1,1,0,0,1,0,1,0,1,0,0,1,1,1,1,0,0,0,1,0,1,0,0,1,0,0,1,0,1,0,0,0,1,1,1,1,1,1,1,1,1,1,0,1,0,1,1,0,0,1,1,1,1,0,0,0,1,1,1,1,1,1,1,0,1,1,1,1,0,1,1,0,0,1,1,1,1,1,1,0,0,1,0,0,1,0,1,1,1,0,1,1,0,1,1,0,1,1,1,1,0,1,0,0,0,1,1,0,0,0,1,1,1,1,1,0,1,0,1,1,1,1,1,1,0,1,1,0,1,1,1,0,1
xlm-roberta-large_1,1,0,0,0,1,1,0,0,0,0,1,1,1,1,1,0,1,0,0,0,0,0,1,1,0,0,0,0,0,1,0,1,1,0,0,0,0,1,0,1,1,0,0,1,0,1,1,0,0,0,0,1,0,0,0,0,0,0,0,0,0,1,0,0,0,1,1,0,0,0,1,0,1,0,1,0,1,0,1,0,0,1,1,0,0,0,1,0,0,0,1,0,0,1,1,1,1,0,1,0,0,0,0,0,1,1,0,0,1,1,1,1,1,0,0,1,0,0,0,0,0,1,1,0,0,0,0,1,1,0,0,1,0,0,0,1,0,0,0,0,0,1,1,0,0,1,0,1,0,0,0,1,1,1,0,1,0,0,1,0,0,1,0,0,0,1,0,1,0,1,0,1,1,1,0,0,1,1,0,0,1,1,1,0,1,0,0,0,1,0,1,1,0,0,1,1,1,1,1,1,0,1,0,0,0,1,1,1,0,1,0,0,1,1,0,0,1,1,1,1,0,0,0,1,1,0,1,0,0
xlm-roberta-large_50,1,0,1,1,1,1,1,0,0,1,0,0,0,1,1,0,1,1,0,1,1,1,1,1,0,1,1,0,0,1,0,1,1,1,1,1,0,1,1,1,1,0,0,1,1,1,1,1,1,1,0,1,0,1,1,1,1,1,1,0,1,1,1,1,0,0,1,1,1,1,1,1,0,1,1,1,0,1,0,0,0,1,1,0,0,1,0,1,0,1,0,0,0,1,1,0,1,1,0,0,1,1,0,0,1,0,0,1,1,1,1,0,1,0,1,0,1,0,1,1,1,0,1,0,1,0,1,1,1,1,1,1,1,1,1,0,0,1,0,0,0,1,0,0,0,1,1,1,1,1,0,0,1,1,1,1,1,1,1,0,1,1,1,1,0,1,1,0,0,1,1,1,1,1,1,0,0,1,0,0,1,1,0,1,1,0,1,1,0,1,1,0,0,1,0,1,0,1,0,0,1,1,1,0,0,0,1,1,1,1,1,0,0,0,1,1,1,1,1,1,0,1,1,0,1,1,1,0,1
xlm-roberta-large_best,1,0,1,1,1,1,1,0,0,1,0,0,1,1,1,0,1,1,1,1,1,1,1,1,0,1,1,0,0,1,0,1,1,1,1,1,0,1,1,1,1,0,0,1,1,1,1,1,1,1,0,1,0,1,1,1,1,1,1,0,1,1,1,1,0,0,1,1,1,1,1,1,0,1,1,1,0,1,1,0,0,1,1,0,0,1,0,1,0,1,0,0,0,1,1,0,1,1,0,0,1,1,1,0,1,0,0,1,1,1,1,0,1,0,0,1,1,0,1,1,0,0,1,0,1,0,0,0,1,1,1,1,1,1,1,0,1,1,0,1,0,1,0,0,0,1,1,1,1,0,0,0,1,1,1,0,1,1,1,0,1,1,1,1,0,1,1,0,0,1,1,1,1,1,1,0,0,0,0,0,1,1,1,1,1,0,1,1,0,1,1,0,0,1,0,1,1,1,0,0,0,1,1,0,1,0,1,1,1,1,1,0,1,0,1,1,1,1,1,1,0,1,1,1,1,0,1,0,1
xlm-roberta-large_10,1,0,1,1,1,1,1,0,0,1,0,1,0,1,1,0,1,1,0,1,1,1,1,1,0,1,0,0,1,0,0,0,1,0,1,1,0,1,1,0,0,0,0,0,1,1,1,1,1,1,0,1,0,1,1,1,1,1,1,0,0,0,1,1,0,0,1,1,1,1,1,1,0,1,1,1,0,1,0,0,0,1,1,0,0,1,0,0,0,1,0,0,0,1,1,0,1,1,0,0,1,1,1,0,1,0,0,1,1,0,1,0,0,0,1,0,1,0,0,1,0,0,1,0,1,0,0,0,1,1,1,1,1,1,0,1,1,1,0,0,0,1,1,0,0,1,1,1,1,1,0,0,0,1,1,1,1,1,1,0,1,1,1,1,0,1,1,1,0,1,1,1,1,1,1,0,0,0,0,1,1,1,0,1,1,0,1,1,0,1,1,0,1,1,0,1,1,1,0,0,0,1,1,0,1,0,1,0,1,1,1,0,1,0,1,1,1,1,1,1,0,0,1,0,1,0,1,0,1
